{
	"forge_marker": 1,
	"defaults": {
		"model": "hgm:ethernet_wall_outlet",
      	"transform": "forge:default-block",
		"textures": {
			"0": "hgm:model/ethernet_wall_outlet"
		}
	},
	"variants": {
		"facing": {
			"north": { "y": 180   },
			"east":  { "y": 270  },
			"south": { "y": 360 },
			"west":  { "y": 450 }
		},
		"color": {
			"white": {},
			"orange": {},
			"magenta": {},
			"light_blue": {},
			"yellow": {},
			"lime": {},
			"pink": {},
			"gray": {},
			"silver": {},
			"cyan": {},
			"purple": {},
			"blue": {},
			"brown": {},
			"green": {},
			"red": {},
			"black": {}
		},
		"inventory": [{}]
	}
}

