{
	"forge_marker": 1,
	"defaults": {
		"transform": "forge:default-block",
		"textures": {
			"0": "hgm:model/laptop"
		}
	},
	"variants": {
		"type": {
			"base": { "model": "hgm:laptop_base" },
			"screen": { "model": "hgm:laptop_screen" }
		},
		"facing": {
			"north": { "y": 0   },
			"east":  { "y": 90  },
			"south": { "y": 180 },
			"west":  { "y": 270 }
		},
		"color": {
			"white": {},
			"orange": {},
			"magenta": {},
			"light_blue": {},
			"yellow": {},
			"lime": {},
			"pink": {},
			"gray": {},
			"silver": {},
			"cyan": {},
			"purple": {},
			"blue": {},
			"brown": {},
			"green": {},
			"red": {},
			"black": {}
		},
		"inventory": [{}]
	}
}
