{
	"forge_marker": 1,
	"defaults": {
      	"transform": "forge:default-block",
		"textures": {
			"0": "hgm:model/playstation_4_pro"
		}
	},
	"variants": {
		"vertical": {
			"true": {
				"model": "hgm:playstation_4_pro_vertical",
				"x": -90
			},
			"false": {
				"model": "hgm:playstation_4_pro"
			}
		},
		"facing": {
			"north": { "y": 90   },
			"east":  { "y": 180  },
			"south": { "y": 270 },
			"west":  { "y": 360 }
		},
		"color": {
			"white": {},
			"orange": {},
			"magenta": {},
			"light_blue": {},
			"yellow": {},
			"lime": {},
			"pink": {},
			"gray": {},
			"silver": {},
			"cyan": {},
			"purple": {},
			"blue": {},
			"brown": {},
			"green": {},
			"red": {},
			"black": {}
		},
		"inventory": [{}]
	}
}

