{
	"credit": "Made with Blockbench, a free, modern block model editor by JannisX11",
	"elements": [
		{
			"name": "cube",
			"from": [0, 0, 0],
			"to": [16, 8, 16],
			"faces": {
				"north": {
					"uv": [0, 4, 16, 12],
					"texture": "#all",
					"cullface": "west"
				},
				"east": {
					"uv": [0, 4, 16, 12],
					"texture": "#all",
					"cullface": "west"
				},
				"south": {
					"uv": [0, 4, 16, 12],
					"texture": "#all",
					"cullface": "west"
				},
				"west": {
					"uv": [0, 4, 16, 12],
					"texture": "#all",
					"cullface": "west"
				},
				"up": {
					"uv": [0, 0, 16, 16],
					"texture": "#all",
					"cullface": "up"
				},
				"down": {
					"uv": [0, 0, 16, 16],
					"texture": "#all",
					"cullface": "down"
				}
			},
			"type": "cube"
		},
		{
			"name": "cube",
			"from": [0, 0, 0],
			"to": [16, 8, 16],
			"faces": {
				"north": {
					"uv": [0, 4, 16, 12],
					"texture": "#all",
					"cullface": "west"
				},
				"east": {
					"uv": [0, 4, 16, 12],
					"texture": "#all",
					"cullface": "west"
				},
				"south": {
					"uv": [0, 4, 16, 12],
					"texture": "#all",
					"cullface": "west"
				},
				"west": {
					"uv": [0, 4, 16, 12],
					"texture": "#all",
					"cullface": "west"
				},
				"up": {
					"uv": [0, 0, 16, 16],
					"texture": "#overlay",
					"cullface": "up"
				},
				"down": {
					"uv": [0, 0, 16, 16],
					"texture": "#overlay",
					"cullface": "down"
				}
			},
			"type": "cube"
		}
	],
	"display": {
		"thirdperson_righthand": {
			"scale": [0.375, 0.375, 0.375],
			"rotation": [75, 45, 0],
			"translation": [0, 2.5, 0]
		},
		"thirdperson_lefthand": {
			"scale": [0.375, 0.375, 0.375],
			"rotation": [75, 45, 0],
			"translation": [0, 2.5, 0]
		},
		"firstperson_righthand": {
			"scale": [0.4, 0.4, 0.4],
			"rotation": [0, 45, 0],
			"translation": [0, 0, 0]
		},
		"firstperson_lefthand": {
			"scale": [0.4, 0.4, 0.4],
			"rotation": [0, 225, 0],
			"translation": [0, 0, 0]
		},
		"head": {
			"scale": [1, 1, 1],
			"rotation": [0, 180, 0],
			"translation": [0, 13, 7]
		},
		"ground": {
			"scale": [0.25, 0.25, 0.25],
			"rotation": [0, 0, 0],
			"translation": [0, 3, 0]
		},
		"fixed": {
			"scale": [0.5, 0.5, 0.5],
			"rotation": [0, 0, 0],
			"translation": [0, 0, 0]
		},
		"gui": {
			"scale": [0.625, 0.625, 0.625],
			"rotation": [30, 225, 0],
			"translation": [0, 0, 0]
		}
	}
}