{
	"credit": "Made with Blockbench, a free, modern block model editor by JannisX11",
	"ambientocclusion": false,
	"elements": [
		{
			"name": "cube",
			"from": [4, 1, 13],
			"to": [12, 12, 14],
			"faces": {
				"north": {
					"uv": [0, 0, 8, 11],
					"texture": "#0"
				},
				"east": {
					"uv": [0, 0, 1, 11],
					"texture": "#0"
				},
				"south": {
					"uv": [0, 0, 8, 11],
					"texture": "#0"
				},
				"west": {
					"uv": [0, 0, 1, 11],
					"texture": "#0"
				},
				"up": {"uv": [0, 0, 8, 1], "texture": "#0"},
				"down": {"uv": [0, 0, 8, 1], "texture": "#0"}
			},
			"type": "cube"
		},
		{
			"name": "cube",
			"from": [4, 1, 2],
			"to": [12, 12, 3],
			"faces": {
				"north": {
					"uv": [0, 0, 8, 11],
					"texture": "#0"
				},
				"east": {
					"uv": [0, 0, 1, 11],
					"texture": "#0"
				},
				"south": {
					"uv": [0, 0, 8, 11],
					"texture": "#0"
				},
				"west": {
					"uv": [0, 0, 1, 11],
					"texture": "#0"
				},
				"up": {"uv": [0, 0, 8, 1], "texture": "#0"},
				"down": {"uv": [0, 0, 8, 1], "texture": "#0"}
			},
			"type": "cube"
		},
		{
			"name": "cube",
			"from": [11, 1, 3],
			"to": [12, 12, 13],
			"faces": {
				"north": {
					"uv": [0, 0, 1, 11],
					"texture": "#0"
				},
				"east": {
					"uv": [0, 0, 10, 11],
					"texture": "#0"
				},
				"south": {
					"uv": [0, 0, 1, 11],
					"texture": "#0"
				},
				"west": {
					"uv": [0, 0, 10, 11],
					"texture": "#0"
				},
				"up": {"uv": [0, 0, 1, 10], "texture": "#0"},
				"down": {"uv": [0, 0, 1, 10], "texture": "#0"}
			},
			"type": "cube"
		},
		{
			"name": "cube",
			"from": [4, 1, 3],
			"to": [5, 12, 13],
			"faces": {
				"north": {
					"uv": [0, 0, 1, 11],
					"texture": "#0"
				},
				"east": {
					"uv": [0, 0, 10, 11],
					"texture": "#0"
				},
				"south": {
					"uv": [0, 0, 1, 11],
					"texture": "#0"
				},
				"west": {
					"uv": [0, 0, 10, 11],
					"texture": "#0"
				},
				"up": {"uv": [0, 0, 1, 10], "texture": "#0"},
				"down": {"uv": [0, 0, 1, 10], "texture": "#0"}
			},
			"type": "cube"
		},
		{
			"name": "cube",
			"from": [4, 12, 2],
			"to": [12, 13, 14],
			"faces": {
				"north": {
					"uv": [0, 0, 8, 1],
					"texture": "#0"
				},
				"east": {
					"uv": [0, 0, 12, 1],
					"texture": "#0"
				},
				"south": {
					"uv": [0, 0, 8, 1],
					"texture": "#0"
				},
				"west": {
					"uv": [0, 0, 12, 1],
					"texture": "#0"
				},
				"up": {"uv": [0, 0, 8, 12], "texture": "#0"},
				"down": {"uv": [0, 0, 8, 12], "texture": "#0"}
			},
			"type": "cube"
		},
		{
			"name": "cube",
			"from": [4, 0, 2],
			"to": [12, 1, 14],
			"faces": {
				"north": {
					"uv": [0, 0, 8, 1],
					"texture": "#0"
				},
				"east": {
					"uv": [0, 0, 12, 1],
					"texture": "#0"
				},
				"south": {
					"uv": [0, 0, 8, 1],
					"texture": "#0"
				},
				"west": {
					"uv": [0, 0, 12, 1],
					"texture": "#0"
				},
				"up": {"uv": [0, 0, 8, 12], "texture": "#0"},
				"down": {"uv": [0, 0, 8, 12], "texture": "#0"}
			},
			"type": "cube"
		}
	],
	"display": {}
}