{
	"credit": "Made with Blockbench, a free, modern block model editor by JannisX11",
	"textures": {
		"0": "blocks/stone",
		"1": "blocks/glass",
		"2": "blocks/planks_oak",
		"particle": "blocks/stone"
	},
	"elements": [
		{
			"name": "cube",
			"from": [2, 1, 2],
			"to": [14, 12, 14],
			"faces": {
				"north": {"uv": [0, 0, 16, 16], "texture": "#1"},
				"east": {"uv": [0, 0, 16, 16], "texture": "#1"},
				"south": {"uv": [0, 0, 16, 16], "texture": "#1"},
				"west": {"uv": [0, 0, 16, 16], "texture": "#1"},
				"up": {"uv": [0, 0, 16, 16], "texture": "#1"},
				"down": {"uv": [0, 0, 16, 16], "texture": "#1"}
			},
			"type": "cube"
		},
		{
			"name": "cube",
			"from": [1, 0, 1],
			"to": [15, 1, 15],
			"faces": {
				"north": {"uv": [0, 0, 14, 1], "texture": "#0"},
				"east": {"uv": [0, 0, 14, 1], "texture": "#0"},
				"south": {"uv": [0, 0, 14, 1], "texture": "#0"},
				"west": {"uv": [0, 0, 14, 1], "texture": "#0"},
				"up": {"uv": [1, 1, 15, 15], "texture": "#0"},
				"down": {"uv": [1, 1, 15, 15], "texture": "#0"}
			},
			"type": "cube"
		},
		{
			"name": "cube",
			"from": [3, 12, 3],
			"to": [13, 13, 13],
			"faces": {
				"north": {"uv": [0, 3, 10, 4], "texture": "#2"},
				"east": {
					"uv": [12, 3, 13, 13],
					"texture": "#2",
					"rotation": 90
				},
				"south": {"uv": [3, 12, 13, 13], "texture": "#2"},
				"west": {
					"uv": [2, 3, 3, 13],
					"texture": "#2",
					"rotation": 270
				},
				"up": {"uv": [3, 3, 13, 13], "texture": "#2"},
				"down": {"uv": [0, 0, 10, 10], "texture": "#2"}
			},
			"type": "cube"
		}
	],
	"display": {}
}