{
	"credit": "Made with Blockbench, a free, modern block model editor by JannisX11",
	"ambientocclusion": false,
	"elements": [
		{
			"name": "cube",
			"from": [4, 0, 1],
			"to": [12, 3, 15],
			"faces": {
				"north": {
					"uv": [12.8, 0, 15.600000000000001, 3.2],
					"texture": "#0"
				},
				"east": {
					"uv": [12.8, 0, 15.600000000000001, 3.2],
					"texture": "#0"
				},
				"south": {
					"uv": [12.8, 0, 15.600000000000001, 3.2],
					"texture": "#0"
				},
				"west": {
					"uv": [12.8, 0, 15.600000000000001, 3.2],
					"texture": "#0"
				},
				"up": {
					"uv": [12.8, 0, 15.600000000000001, 3.2],
					"texture": "#0",
					"rotation": 90
				},
				"down": {
					"uv": [12.8, 0, 15.600000000000001, 3.2],
					"texture": "#0",
					"rotation": 270
				}
			},
			"rotation": {
				"origin": [8, 8, 8],
				"axis": "y",
				"angle": 0
			},
			"type": "cube"
		},
		{
			"name": "cube",
			"from": [3.9990000000000006, 0, 2],
			"to": [3.9990000000000006, 3, 3],
			"faces": {
				"north": {
					"uv": [8, 11.2, 9.6, 12.799999999999999],
					"texture": "#0"
				},
				"east": {
					"uv": [8, 11.2, 9.6, 12.799999999999999],
					"texture": "#0"
				},
				"south": {
					"uv": [8, 11.2, 9.6, 12.799999999999999],
					"texture": "#0"
				},
				"west": {
					"uv": [8, 11.2, 9.6, 12.799999999999999],
					"texture": "#0"
				},
				"up": {
					"uv": [8, 11.2, 9.6, 12.799999999999999],
					"texture": "#0",
					"rotation": 90
				},
				"down": {
					"uv": [8, 11.2, 9.6, 12.799999999999999],
					"texture": "#0",
					"rotation": 270
				}
			},
			"rotation": {
				"origin": [8, 8, 8],
				"axis": "y",
				"angle": 0
			},
			"type": "cube"
		},
		{
			"name": "cube",
			"from": [4, 3.001, 2],
			"to": [12, 3.001, 3],
			"faces": {
				"north": {
					"uv": [8, 11.2, 9.6, 12.799999999999999],
					"texture": "#0"
				},
				"east": {
					"uv": [8, 11.2, 9.6, 12.799999999999999],
					"texture": "#0"
				},
				"south": {
					"uv": [8, 11.2, 9.6, 12.799999999999999],
					"texture": "#0"
				},
				"west": {
					"uv": [8, 11.2, 9.6, 12.799999999999999],
					"texture": "#0"
				},
				"up": {
					"uv": [8, 11.2, 9.6, 12.799999999999999],
					"texture": "#0",
					"rotation": 90
				},
				"down": {
					"uv": [8, 11.2, 9.6, 12.799999999999999],
					"texture": "#0",
					"rotation": 270
				}
			},
			"rotation": {
				"origin": [8, 8, 8],
				"axis": "y",
				"angle": 0
			},
			"type": "cube"
		},
		{
			"name": "cube",
			"from": [12.001, 0, 2],
			"to": [12.001, 3, 3],
			"faces": {
				"north": {
					"uv": [8, 11.2, 9.6, 12.799999999999999],
					"texture": "#0"
				},
				"east": {
					"uv": [8, 11.2, 9.6, 12.799999999999999],
					"texture": "#0"
				},
				"south": {
					"uv": [8, 11.2, 9.6, 12.799999999999999],
					"texture": "#0"
				},
				"west": {
					"uv": [8, 11.2, 9.6, 12.799999999999999],
					"texture": "#0"
				},
				"up": {
					"uv": [8, 11.2, 9.6, 12.799999999999999],
					"texture": "#0",
					"rotation": 90
				},
				"down": {
					"uv": [8, 11.2, 9.6, 12.799999999999999],
					"texture": "#0",
					"rotation": 270
				}
			},
			"rotation": {
				"origin": [8, 8, 8],
				"axis": "y",
				"angle": 0
			},
			"type": "cube"
		},
		{
			"name": "cube",
			"from": [4, -0.001, 2],
			"to": [12, -0.001, 3],
			"faces": {
				"north": {
					"uv": [8, 11.2, 9.6, 12.799999999999999],
					"texture": "#0"
				},
				"east": {
					"uv": [8, 11.2, 9.6, 12.799999999999999],
					"texture": "#0"
				},
				"south": {
					"uv": [8, 11.2, 9.6, 12.799999999999999],
					"texture": "#0"
				},
				"west": {
					"uv": [8, 11.2, 9.6, 12.799999999999999],
					"texture": "#0"
				},
				"up": {
					"uv": [8, 11.2, 9.6, 12.799999999999999],
					"texture": "#0",
					"rotation": 90
				},
				"down": {
					"uv": [8, 11.2, 9.6, 12.799999999999999],
					"texture": "#0",
					"rotation": 270
				}
			},
			"rotation": {
				"origin": [8, 8, 8],
				"axis": "y",
				"angle": 0
			},
			"type": "cube"
		},
		{
			"name": "cube",
			"from": [5, 0, 0.9989999999999997],
			"to": [7, 1, 0.9989999999999997],
			"faces": {
				"north": {
					"uv": [0, 0, 12.75, 7.75],
					"texture": "#0"
				},
				"east": {"uv": [2, 0, 2, 1], "texture": "#0"},
				"south": {"uv": [8, 0, 10, 1], "texture": "#0"},
				"west": {"uv": [2, 0, 2, 1], "texture": "#0"},
				"up": {
					"uv": [2, 0, 2, 2],
					"texture": "#0",
					"rotation": 90
				},
				"down": {
					"uv": [2, 0, 2, 2],
					"texture": "#0",
					"rotation": 270
				}
			},
			"rotation": {
				"origin": [8, 8, 8],
				"axis": "y",
				"angle": 0
			},
			"type": "cube"
		},
		{
			"name": "cube",
			"from": [9, 0, 0.9989999999999997],
			"to": [11, 1, 0.9989999999999997],
			"faces": {
				"north": {
					"uv": [0, 0, 12.75, 7.75],
					"texture": "#0"
				},
				"east": {"uv": [2, 0, 2, 1], "texture": "#0"},
				"south": {"uv": [8, 0, 10, 1], "texture": "#0"},
				"west": {"uv": [2, 0, 2, 1], "texture": "#0"},
				"up": {
					"uv": [2, 0, 2, 2],
					"texture": "#0",
					"rotation": 90
				},
				"down": {
					"uv": [2, 0, 2, 2],
					"texture": "#0",
					"rotation": 270
				}
			},
			"rotation": {
				"origin": [8, 8, 8],
				"axis": "y",
				"angle": 0
			},
			"type": "cube"
		}
	],
	"display": {
		"thirdperson_righthand": {
			"scale": [0.5, 0.5, 0.5],
			"rotation": [180, 180, 90],
			"translation": [3.5, 2, 2]
		},
		"thirdperson_lefthand": {
			"scale": [0.5, 0.5, 0.5],
			"rotation": [0, 180, 90],
			"translation": [3.5, 2, 2]
		},
		"firstperson_righthand": {
			"scale": [0.5, 0.5, 0.5],
			"rotation": [154, 180, 90],
			"translation": [3.5, -0.5, 2]
		},
		"firstperson_lefthand": {
			"scale": [0.5, 0.5, 0.5],
			"rotation": [-20, 180, 90],
			"translation": [3.5, -0.5, 2]
		},
		"head": {
			"scale": [1, 1, 1],
			"rotation": [0, 180, 0],
			"translation": [0, 11.5, 0]
		},
		"ground": {
			"scale": [0.5, 0.5, 0.5],
			"rotation": [0, 0, 0],
			"translation": [0, 2, 0]
		},
		"fixed": {
			"scale": [1, 1, 1],
			"rotation": [0, 90, -90],
			"translation": [0.5, -1.5, -8]
		},
		"gui": {
			"scale": [0.625, 0.625, 0.625],
			"rotation": [30, 140, 0],
			"translation": [0, 2, 0]
		}
	}
}