{
	"credit": "Made with Blockbench, a free, modern block model editor by JannisX11",
	"ambientocclusion": false,
	"textures": {
		"0": "blocks/laptop_1",
		"particle": "blocks/laptop_1"
	},
	"elements": [
		{
			"name": "cube",
			"from": [
				1.3000000000000007,
				0.1999999999999993,
				10.700000000000001
			],
			"to": [1.3999999999999986, 0.6500000000000004, 11.2],
			"faces": {
				"north": {"uv": [11, 7, 16, 7.65], "texture": "#0"},
				"east": {"uv": [11, 7, 16, 7.65], "texture": "#0"},
				"south": {"uv": [11, 7, 16, 7.65], "texture": "#0"},
				"west": {"uv": [11, 7, 16, 7.65], "texture": "#0"},
				"up": {"uv": [11, 7, 16, 7.65], "texture": "#0"},
				"down": {"uv": [11, 7, 16, 7.65], "texture": "#0"}
			},
			"type": "cube"
		},
		{
			"name": "cube",
			"from": [1, 0, 10.700000000000001],
			"to": [1.3999999999999986, 0.19, 11.2],
			"faces": {
				"north": {"uv": [8, 8, 16, 8.65], "texture": "#0"},
				"east": {"uv": [8, 8, 16, 8.65], "texture": "#0"},
				"south": {"uv": [8, 8, 16, 8.65], "texture": "#0"},
				"west": {"uv": [8, 8, 16, 8.65], "texture": "#0"},
				"up": {"uv": [11, 7, 16, 7.65], "texture": "#0"},
				"down": {"uv": [8, 8, 16, 16], "texture": "#0"}
			},
			"type": "cube"
		},
		{
			"name": "cube",
			"from": [1, 0, 11.200000000000001],
			"to": [1.3999999999999986, 0.6500000000000004, 14],
			"faces": {
				"north": {"uv": [11, 7, 16, 7.65], "texture": "#0"},
				"east": {"uv": [8, 8, 16, 8.65], "texture": "#0"},
				"south": {"uv": [8, 8, 16, 8.65], "texture": "#0"},
				"west": {"uv": [8, 8, 16, 8.65], "texture": "#0"},
				"up": {"uv": [8.5, 7, 9.5, 8], "texture": "#0"},
				"down": {"uv": [8, 8, 16, 16], "texture": "#0"}
			},
			"type": "cube"
		},
		{
			"name": "cube",
			"from": [1, 0, 3],
			"to": [1.3999999999999986, 0.6500000000000004, 10.7],
			"faces": {
				"north": {"uv": [8, 8, 16, 8.65], "texture": "#0"},
				"east": {"uv": [8, 8, 16, 8.65], "texture": "#0"},
				"south": {"uv": [11, 7, 16, 7.65], "texture": "#0"},
				"west": {"uv": [8, 8, 16, 8.65], "texture": "#0"},
				"up": {"uv": [8.5, 7, 9.5, 8], "texture": "#0"},
				"down": {"uv": [8, 8, 16, 16], "texture": "#0"}
			},
			"type": "cube"
		},
		{
			"name": "cube",
			"from": [1.4000000000000004, 0, 3],
			"to": [15, 0.6500000000000004, 14],
			"faces": {
				"north": {"uv": [8, 8, 16, 8.65], "texture": "#0"},
				"east": {"uv": [8, 8, 16, 8.65], "texture": "#0"},
				"south": {"uv": [8, 8, 16, 8.65], "texture": "#0"},
				"west": {"uv": [8, 8, 16, 8.65], "texture": "#0"},
				"up": {"uv": [8.5, 7, 9.5, 8], "texture": "#0"},
				"down": {"uv": [8, 8, 16, 16], "texture": "#0"}
			},
			"type": "cube"
		},
		{
			"name": "cube",
			"from": [2.6999999999999993, 0.5999999999999985, 3],
			"to": [13.1, 0.9999999999999989, 3.5999999999999996],
			"faces": {
				"north": {"uv": [8, 8, 16, 8.5], "texture": "#0"},
				"east": {"uv": [8, 8, 16, 8.5], "texture": "#0"},
				"south": {"uv": [8, 8, 16, 8.5], "texture": "#0"},
				"west": {"uv": [8, 8, 16, 8.5], "texture": "#0"},
				"up": {"uv": [8, 8, 16, 8.5], "texture": "#0"},
				"down": {"uv": [8, 8, 16, 8.5], "texture": "#0"}
			},
			"type": "cube"
		},
		{
			"name": "cube",
			"from": [
				2.6999999999999984,
				0.19999999999999818,
				3.5999999999999996
			],
			"to": [6.499999999999999, 0.9999999999999989, 6.1],
			"faces": {
				"north": {"uv": [8, 8, 11, 9.5], "texture": "#0"},
				"east": {"uv": [8, 8, 11, 9.5], "texture": "#0"},
				"south": {"uv": [8, 8, 11, 9.5], "texture": "#0"},
				"west": {"uv": [8, 8, 11, 9.5], "texture": "#0"},
				"up": {"uv": [8, 8, 11, 9.5], "texture": "#0"},
				"down": {"uv": [8, 8, 11, 9.5], "texture": "#0"}
			},
			"type": "cube"
		},
		{
			"name": "cube",
			"from": [
				6.499999999999999,
				0.19999999999999818,
				5.499999999999999
			],
			"to": [
				7.879999999999999,
				0.9999999999999971,
				6.1000000000000005
			],
			"faces": {
				"north": {
					"uv": [1, 1.5, 2.4, 2.1],
					"texture": "#0"
				},
				"east": {"uv": [1, 1.5, 2.4, 2.1], "texture": "#0"},
				"south": {
					"uv": [1, 1.5, 2.4, 2.1],
					"texture": "#0"
				},
				"west": {"uv": [1, 1.5, 2.4, 2.1], "texture": "#0"},
				"up": {"uv": [1, 1.5, 2.4, 2.1], "texture": "#0"},
				"down": {"uv": [1, 1.5, 2.4, 2.1], "texture": "#0"}
			},
			"type": "cube"
		},
		{
			"name": "cube",
			"from": [
				7.960000000000001,
				0.19999999999999818,
				5.499999999999999
			],
			"to": [9.32, 0.9999999999999971, 6.1000000000000005],
			"faces": {
				"north": {
					"uv": [1, 1.5, 2.4, 2.1],
					"texture": "#0"
				},
				"east": {"uv": [1, 1.5, 2.4, 2.1], "texture": "#0"},
				"south": {
					"uv": [1, 1.5, 2.4, 2.1],
					"texture": "#0"
				},
				"west": {"uv": [1, 1.5, 2.4, 2.1], "texture": "#0"},
				"up": {"uv": [1, 1.5, 2.4, 2.1], "texture": "#0"},
				"down": {"uv": [1, 1.5, 2.4, 2.1], "texture": "#0"}
			},
			"type": "cube"
		},
		{
			"name": "cube",
			"from": [
				6.499999999999998,
				0.19999999999999818,
				3.5999999999999996
			],
			"to": [9.299999999999999, 0.8999999999999975, 6.1],
			"faces": {
				"north": {
					"uv": [1, 1.5, 2.4, 2.1],
					"texture": "#0"
				},
				"east": {"uv": [1, 1.5, 2.4, 2.1], "texture": "#0"},
				"south": {
					"uv": [1, 1.5, 2.4, 2.1],
					"texture": "#0"
				},
				"west": {"uv": [1, 1.5, 2.4, 2.1], "texture": "#0"},
				"up": {"uv": [8.5, 7, 9.5, 8], "texture": "#0"},
				"down": {"uv": [1, 1.5, 2.4, 2.1], "texture": "#0"}
			},
			"type": "cube"
		},
		{
			"name": "cube",
			"from": [
				9.299999999999999,
				0.19999999999999818,
				3.5999999999999996
			],
			"to": [13.1, 0.9999999999999989, 6.1],
			"faces": {
				"north": {"uv": [8, 8, 11, 9.5], "texture": "#0"},
				"east": {"uv": [8, 8, 11, 9.5], "texture": "#0"},
				"south": {"uv": [8, 8, 11, 9.5], "texture": "#0"},
				"west": {"uv": [8, 8, 11, 9.5], "texture": "#0"},
				"up": {"uv": [8, 8, 11, 9.5], "texture": "#0"},
				"down": {"uv": [8, 8, 11, 9.5], "texture": "#0"}
			},
			"type": "cube"
		},
		{
			"name": "cube",
			"from": [
				2.6999999999999993,
				0.19999999999999818,
				6.1
			],
			"to": [13.1, 0.9999999999999989, 6.5],
			"faces": {
				"north": {"uv": [8, 8, 16, 8.5], "texture": "#0"},
				"east": {"uv": [8, 8, 16, 8.5], "texture": "#0"},
				"south": {"uv": [4, 1, 5, 2], "texture": "#0"},
				"west": {"uv": [8, 8, 16, 8.5], "texture": "#0"},
				"up": {"uv": [8, 8, 16, 8.5], "texture": "#0"},
				"down": {"uv": [8, 8, 16, 8.5], "texture": "#0"}
			},
			"type": "cube"
		},
		{
			"name": "cube",
			"from": [
				2.6999999999999993,
				0.5999999999999985,
				12.600000000000001
			],
			"to": [13.1, 0.9999999999999989, 14],
			"faces": {
				"north": {
					"uv": [4, 1, 14.4, 1.4000000000000004],
					"texture": "#0"
				},
				"east": {
					"uv": [
						0,
						0,
						1.3999999999999986,
						0.40000000000000036
					],
					"texture": "#missing"
				},
				"south": {
					"uv": [0, 0, 10.4, 0.40000000000000036],
					"texture": "#missing"
				},
				"west": {
					"uv": [
						0,
						0,
						1.3999999999999986,
						0.40000000000000036
					],
					"texture": "#missing"
				},
				"up": {"uv": [8.1, 8, 16, 9.4], "texture": "#0"},
				"down": {
					"uv": [0, 0, 10.4, 1.3999999999999986],
					"texture": "#missing"
				}
			},
			"type": "cube"
		},
		{
			"name": "cube",
			"from": [13.1, 0.5999999999999985, 10.7],
			"to": [15, 0.9999999999999989, 14],
			"faces": {
				"north": {"uv": [8, 8, 10, 16], "texture": "#0"},
				"east": {"uv": [8, 8, 10, 16], "texture": "#0"},
				"south": {"uv": [8, 8, 10, 16], "texture": "#0"},
				"west": {"uv": [4, 1, 5, 2], "texture": "#0"},
				"up": {"uv": [8, 8, 10, 16], "texture": "#0"},
				"down": {"uv": [8, 8, 10, 16], "texture": "#0"}
			},
			"type": "cube"
		},
		{
			"name": "cube",
			"from": [13.1, 0.5999999999999985, 3],
			"to": [15, 0.9999999999999989, 6.5],
			"faces": {
				"north": {"uv": [8, 8, 10, 16], "texture": "#0"},
				"east": {"uv": [8, 8, 10, 16], "texture": "#0"},
				"south": {"uv": [8, 8, 10, 16], "texture": "#0"},
				"west": {"uv": [4, 1, 5, 2], "texture": "#0"},
				"up": {"uv": [8, 8, 10, 16], "texture": "#0"},
				"down": {"uv": [8, 8, 10, 16], "texture": "#0"}
			},
			"type": "cube"
		},
		{
			"name": "cube",
			"from": [1, 0.5999999999999996, 3],
			"to": [2.6999999999999993, 1, 6.5],
			"faces": {
				"north": {"uv": [8, 8, 10, 16], "texture": "#0"},
				"east": {"uv": [4, 1, 5, 2], "texture": "#0"},
				"south": {"uv": [8, 8, 10, 16], "texture": "#0"},
				"west": {"uv": [8, 8, 10, 16], "texture": "#0"},
				"up": {"uv": [8, 8, 10, 16], "texture": "#0"},
				"down": {"uv": [8, 8, 10, 16], "texture": "#0"}
			},
			"type": "cube"
		},
		{
			"name": "cube",
			"from": [
				13.100000000000001,
				0.5999999999999996,
				6.500000000000002
			],
			"to": [15, 1, 10.700000000000003],
			"faces": {
				"north": {"uv": [8, 8, 10, 16], "texture": "#0"},
				"east": {"uv": [8, 8, 10, 16], "texture": "#0"},
				"south": {"uv": [8, 8, 10, 16], "texture": "#0"},
				"west": {"uv": [4, 1, 5, 2], "texture": "#0"},
				"up": {
					"uv": [0.5, 11, 1.5, 13.5],
					"texture": "#0",
					"rotation": 270
				},
				"down": {
					"uv": [8, 8, 10, 16],
					"texture": "#0",
					"rotation": 180
				}
			},
			"rotation": {
				"origin": [20.1, 8, 9.3],
				"axis": "y",
				"angle": 0
			},
			"type": "cube"
		},
		{
			"name": "cube",
			"from": [1, 0.5999999999999996, 6.499999999999998],
			"to": [2.6999999999999993, 1, 10.7],
			"faces": {
				"north": {"uv": [8, 8, 10, 16], "texture": "#0"},
				"east": {"uv": [4, 1, 5, 2], "texture": "#0"},
				"south": {"uv": [8, 8, 10, 16], "texture": "#0"},
				"west": {"uv": [8, 8, 10, 16], "texture": "#0"},
				"up": {
					"uv": [0.5, 11, 1.5, 13.5],
					"texture": "#0",
					"rotation": 90
				},
				"down": {"uv": [8, 8, 10, 16], "texture": "#0"}
			},
			"type": "cube"
		},
		{
			"name": "cube",
			"from": [1, 0.5999999999999996, 10.7],
			"to": [2.6999999999999993, 1, 14],
			"faces": {
				"north": {"uv": [8, 8, 10, 16], "texture": "#0"},
				"east": {"uv": [4, 1, 5, 2], "texture": "#0"},
				"south": {"uv": [8, 8, 10, 16], "texture": "#0"},
				"west": {"uv": [8, 8, 10, 16], "texture": "#0"},
				"up": {"uv": [8, 8, 10, 16], "texture": "#0"},
				"down": {"uv": [11, 7, 16, 7.65], "texture": "#0"}
			},
			"type": "cube"
		},
		{
			"name": "cube",
			"from": [
				3.0000000000000027,
				0.09999999999999964,
				9.000000000000002
			],
			"to": [4.000000000000003, 1, 11.200000000000001],
			"faces": {
				"north": {"uv": [4, 1, 5, 2], "texture": "#0"},
				"east": {"uv": [4, 1, 5, 2], "texture": "#0"},
				"south": {"uv": [4, 1, 5, 2], "texture": "#0"},
				"west": {"uv": [4, 1, 5, 2], "texture": "#0"},
				"up": {"uv": [7.5, 8.5, 8, 9], "texture": "#0"},
				"down": {"uv": [4, 1, 5, 2], "texture": "#0"}
			},
			"type": "cube"
		},
		{
			"name": "cube",
			"from": [
				3.0000000000000036,
				0.09999999999999964,
				7.800000000000001
			],
			"to": [5.100000000000003, 1, 8.3],
			"faces": {
				"north": {"uv": [4, 1, 5, 2], "texture": "#0"},
				"east": {"uv": [4, 1, 5, 2], "texture": "#0"},
				"south": {"uv": [4, 1, 5, 2], "texture": "#0"},
				"west": {"uv": [4, 1, 5, 2], "texture": "#0"},
				"up": {"uv": [7.5, 8.5, 8, 9], "texture": "#0"},
				"down": {"uv": [4, 1, 5, 2], "texture": "#0"}
			},
			"type": "cube"
		},
		{
			"name": "cube",
			"from": [
				3.0000000000000036,
				0.09999999999999964,
				8.3
			],
			"to": [5.100000000000003, 1, 8.8],
			"faces": {
				"north": {"uv": [4, 1, 5, 2], "texture": "#0"},
				"east": {"uv": [4, 1, 5, 2], "texture": "#0"},
				"south": {"uv": [4, 1, 5, 2], "texture": "#0"},
				"west": {"uv": [4, 1, 5, 2], "texture": "#0"},
				"up": {"uv": [7, 8, 8, 8.5], "texture": "#0"},
				"down": {"uv": [4, 1, 5, 2], "texture": "#0"}
			},
			"type": "cube"
		},
		{
			"name": "cube",
			"from": [
				3.0000000000000027,
				0.09999999999999964,
				6.6
			],
			"to": [4.000000000000003, 1, 7.6],
			"faces": {
				"north": {"uv": [4, 1, 5, 2], "texture": "#0"},
				"east": {"uv": [4, 1, 5, 2], "texture": "#0"},
				"south": {"uv": [4, 1, 5, 2], "texture": "#0"},
				"west": {"uv": [4, 1, 5, 2], "texture": "#0"},
				"up": {"uv": [7.5, 8.5, 8, 9], "texture": "#0"},
				"down": {"uv": [4, 1, 5, 2], "texture": "#0"}
			},
			"type": "cube"
		},
		{
			"name": "cube",
			"from": [
				4.100000000000003,
				0.09999999999999964,
				6.6
			],
			"to": [5.100000000000003, 1, 7.6],
			"faces": {
				"north": {"uv": [4, 1, 5, 2], "texture": "#0"},
				"east": {"uv": [4, 1, 5, 2], "texture": "#0"},
				"south": {"uv": [4, 1, 5, 2], "texture": "#0"},
				"west": {"uv": [4, 1, 5, 2], "texture": "#0"},
				"up": {"uv": [7.5, 8.5, 8, 9], "texture": "#0"},
				"down": {"uv": [4, 1, 5, 2], "texture": "#0"}
			},
			"type": "cube"
		},
		{
			"name": "cube",
			"from": [
				3.700000000000003,
				0.09999999999999964,
				11.4
			],
			"to": [4.700000000000003, 1, 12.4],
			"faces": {
				"north": {"uv": [4, 1, 5, 2], "texture": "#0"},
				"east": {"uv": [4, 1, 5, 2], "texture": "#0"},
				"south": {"uv": [4, 1, 5, 2], "texture": "#0"},
				"west": {"uv": [4, 1, 5, 2], "texture": "#0"},
				"up": {"uv": [7.5, 8.5, 8, 9], "texture": "#0"},
				"down": {"uv": [4, 1, 5, 2], "texture": "#0"}
			},
			"type": "cube"
		},
		{
			"name": "cube",
			"from": [
				4.000000000000003,
				0.09999999999999964,
				10.200000000000001
			],
			"to": [5.100000000000002, 1, 11.200000000000001],
			"faces": {
				"north": {"uv": [4, 1, 5, 2], "texture": "#0"},
				"east": {"uv": [4, 1, 5, 2], "texture": "#0"},
				"south": {"uv": [4, 1, 5, 2], "texture": "#0"},
				"west": {"uv": [4, 1, 5, 2], "texture": "#0"},
				"up": {"uv": [7.5, 8.5, 8, 9], "texture": "#0"},
				"down": {"uv": [4, 1, 5, 2], "texture": "#0"}
			},
			"type": "cube"
		},
		{
			"name": "cube",
			"from": [
				5.200000000000003,
				0.09999999999999964,
				10.200000000000001
			],
			"to": [6.200000000000003, 1, 11.200000000000001],
			"faces": {
				"north": {"uv": [4, 1, 5, 2], "texture": "#0"},
				"east": {"uv": [4, 1, 5, 2], "texture": "#0"},
				"south": {"uv": [4, 1, 5, 2], "texture": "#0"},
				"west": {"uv": [4, 1, 5, 2], "texture": "#0"},
				"up": {"uv": [7.5, 8.5, 8, 9], "texture": "#0"},
				"down": {"uv": [4, 1, 5, 2], "texture": "#0"}
			},
			"type": "cube"
		},
		{
			"name": "cube",
			"from": [4.100000000000003, 0.09999999999999964, 9],
			"to": [5.100000000000003, 1, 10],
			"faces": {
				"north": {"uv": [4, 1, 5, 2], "texture": "#0"},
				"east": {"uv": [4, 1, 5, 2], "texture": "#0"},
				"south": {"uv": [4, 1, 5, 2], "texture": "#0"},
				"west": {"uv": [4, 1, 5, 2], "texture": "#0"},
				"up": {"uv": [7.5, 8.5, 8, 9], "texture": "#0"},
				"down": {"uv": [4, 1, 5, 2], "texture": "#0"}
			},
			"type": "cube"
		},
		{
			"name": "cube",
			"from": [5.200000000000003, 0.09999999999999964, 9],
			"to": [6.200000000000003, 1, 10],
			"faces": {
				"north": {"uv": [4, 1, 5, 2], "texture": "#0"},
				"east": {"uv": [4, 1, 5, 2], "texture": "#0"},
				"south": {"uv": [4, 1, 5, 2], "texture": "#0"},
				"west": {"uv": [4, 1, 5, 2], "texture": "#0"},
				"up": {"uv": [7.5, 8.5, 8, 9], "texture": "#0"},
				"down": {"uv": [4, 1, 5, 2], "texture": "#0"}
			},
			"type": "cube"
		},
		{
			"name": "cube",
			"from": [
				5.200000000000003,
				0.09999999999999964,
				7.800000000000001
			],
			"to": [6.200000000000003, 1, 8.8],
			"faces": {
				"north": {"uv": [4, 1, 5, 2], "texture": "#0"},
				"east": {"uv": [4, 1, 5, 2], "texture": "#0"},
				"south": {"uv": [4, 1, 5, 2], "texture": "#0"},
				"west": {"uv": [4, 1, 5, 2], "texture": "#0"},
				"up": {"uv": [7.5, 8.5, 8, 9], "texture": "#0"},
				"down": {"uv": [4, 1, 5, 2], "texture": "#0"}
			},
			"type": "cube"
		},
		{
			"name": "cube",
			"from": [
				5.200000000000003,
				0.09999999999999964,
				6.6
			],
			"to": [6.200000000000003, 1, 7.6],
			"faces": {
				"north": {"uv": [4, 1, 5, 2], "texture": "#0"},
				"east": {"uv": [4, 1, 5, 2], "texture": "#0"},
				"south": {"uv": [4, 1, 5, 2], "texture": "#0"},
				"west": {"uv": [4, 1, 5, 2], "texture": "#0"},
				"up": {"uv": [7.5, 8.5, 8, 9], "texture": "#0"},
				"down": {"uv": [4, 1, 5, 2], "texture": "#0"}
			},
			"type": "cube"
		},
		{
			"name": "cube",
			"from": [
				4.8000000000000025,
				0.09999999999999964,
				11.4
			],
			"to": [5.8000000000000025, 1, 12.4],
			"faces": {
				"north": {"uv": [4, 1, 5, 2], "texture": "#0"},
				"east": {"uv": [4, 1, 5, 2], "texture": "#0"},
				"south": {"uv": [4, 1, 5, 2], "texture": "#0"},
				"west": {"uv": [4, 1, 5, 2], "texture": "#0"},
				"up": {"uv": [7.5, 8.5, 8, 9], "texture": "#0"},
				"down": {"uv": [4, 1, 5, 2], "texture": "#0"}
			},
			"type": "cube"
		},
		{
			"name": "cube",
			"from": [
				6.3000000000000025,
				0.09999999999999964,
				10.200000000000001
			],
			"to": [7.3000000000000025, 1, 11.200000000000001],
			"faces": {
				"north": {"uv": [4, 1, 5, 2], "texture": "#0"},
				"east": {"uv": [4, 1, 5, 2], "texture": "#0"},
				"south": {"uv": [4, 1, 5, 2], "texture": "#0"},
				"west": {"uv": [4, 1, 5, 2], "texture": "#0"},
				"up": {"uv": [7.5, 8.5, 8, 9], "texture": "#0"},
				"down": {"uv": [4, 1, 5, 2], "texture": "#0"}
			},
			"type": "cube"
		},
		{
			"name": "cube",
			"from": [6.3000000000000025, 0.09999999999999964, 9],
			"to": [7.3000000000000025, 1, 10],
			"faces": {
				"north": {"uv": [4, 1, 5, 2], "texture": "#0"},
				"east": {"uv": [4, 1, 5, 2], "texture": "#0"},
				"south": {"uv": [4, 1, 5, 2], "texture": "#0"},
				"west": {"uv": [4, 1, 5, 2], "texture": "#0"},
				"up": {"uv": [7.5, 8.5, 8, 9], "texture": "#0"},
				"down": {"uv": [4, 1, 5, 2], "texture": "#0"}
			},
			"type": "cube"
		},
		{
			"name": "cube",
			"from": [
				6.3000000000000025,
				0.09999999999999964,
				7.800000000000001
			],
			"to": [7.3000000000000025, 1, 8.8],
			"faces": {
				"north": {"uv": [4, 1, 5, 2], "texture": "#0"},
				"east": {"uv": [4, 1, 5, 2], "texture": "#0"},
				"south": {"uv": [4, 1, 5, 2], "texture": "#0"},
				"west": {"uv": [4, 1, 5, 2], "texture": "#0"},
				"up": {"uv": [7.5, 8.5, 8, 9], "texture": "#0"},
				"down": {"uv": [4, 1, 5, 2], "texture": "#0"}
			},
			"type": "cube"
		},
		{
			"name": "cube",
			"from": [
				6.3000000000000025,
				0.09999999999999964,
				6.6
			],
			"to": [7.3000000000000025, 1, 7.6],
			"faces": {
				"north": {"uv": [4, 1, 5, 2], "texture": "#0"},
				"east": {"uv": [4, 1, 5, 2], "texture": "#0"},
				"south": {"uv": [4, 1, 5, 2], "texture": "#0"},
				"west": {"uv": [4, 1, 5, 2], "texture": "#0"},
				"up": {"uv": [7.5, 8.5, 8, 9], "texture": "#0"},
				"down": {"uv": [4, 1, 5, 2], "texture": "#0"}
			},
			"type": "cube"
		},
		{
			"name": "cube",
			"from": [
				5.900000000000002,
				0.09999999999999964,
				11.4
			],
			"to": [6.900000000000002, 1, 12.4],
			"faces": {
				"north": {"uv": [4, 1, 5, 2], "texture": "#0"},
				"east": {"uv": [4, 1, 5, 2], "texture": "#0"},
				"south": {"uv": [4, 1, 5, 2], "texture": "#0"},
				"west": {"uv": [4, 1, 5, 2], "texture": "#0"},
				"up": {"uv": [7.5, 8.5, 8, 9], "texture": "#0"},
				"down": {"uv": [4, 1, 5, 2], "texture": "#0"}
			},
			"type": "cube"
		},
		{
			"name": "cube",
			"from": [
				7.400000000000002,
				0.09999999999999964,
				10.200000000000001
			],
			"to": [8.400000000000002, 1, 11.200000000000001],
			"faces": {
				"north": {"uv": [4, 1, 5, 2], "texture": "#0"},
				"east": {"uv": [4, 1, 5, 2], "texture": "#0"},
				"south": {"uv": [4, 1, 5, 2], "texture": "#0"},
				"west": {"uv": [4, 1, 5, 2], "texture": "#0"},
				"up": {"uv": [7.5, 8.5, 8, 9], "texture": "#0"},
				"down": {"uv": [4, 1, 5, 2], "texture": "#0"}
			},
			"type": "cube"
		},
		{
			"name": "cube",
			"from": [7.400000000000002, 0.09999999999999964, 9],
			"to": [8.400000000000002, 1, 10],
			"faces": {
				"north": {"uv": [4, 1, 5, 2], "texture": "#0"},
				"east": {"uv": [4, 1, 5, 2], "texture": "#0"},
				"south": {"uv": [4, 1, 5, 2], "texture": "#0"},
				"west": {"uv": [4, 1, 5, 2], "texture": "#0"},
				"up": {"uv": [7.5, 8.5, 8, 9], "texture": "#0"},
				"down": {"uv": [4, 1, 5, 2], "texture": "#0"}
			},
			"type": "cube"
		},
		{
			"name": "cube",
			"from": [
				7.400000000000002,
				0.09999999999999964,
				7.800000000000001
			],
			"to": [8.400000000000002, 1, 8.8],
			"faces": {
				"north": {"uv": [4, 1, 5, 2], "texture": "#0"},
				"east": {"uv": [4, 1, 5, 2], "texture": "#0"},
				"south": {"uv": [4, 1, 5, 2], "texture": "#0"},
				"west": {"uv": [4, 1, 5, 2], "texture": "#0"},
				"up": {"uv": [7.5, 8.5, 8, 9], "texture": "#0"},
				"down": {"uv": [4, 1, 5, 2], "texture": "#0"}
			},
			"type": "cube"
		},
		{
			"name": "cube",
			"from": [
				7.000000000000002,
				0.09999999999999964,
				11.4
			],
			"to": [8.000000000000002, 1, 12.4],
			"faces": {
				"north": {"uv": [4, 1, 5, 2], "texture": "#0"},
				"east": {"uv": [4, 1, 5, 2], "texture": "#0"},
				"south": {"uv": [4, 1, 5, 2], "texture": "#0"},
				"west": {"uv": [4, 1, 5, 2], "texture": "#0"},
				"up": {"uv": [7.5, 8.5, 8, 9], "texture": "#0"},
				"down": {"uv": [4, 1, 5, 2], "texture": "#0"}
			},
			"type": "cube"
		},
		{
			"name": "cube",
			"from": [
				8.500000000000002,
				0.09999999999999964,
				10.200000000000001
			],
			"to": [9.500000000000002, 1, 11.200000000000001],
			"faces": {
				"north": {"uv": [4, 1, 5, 2], "texture": "#0"},
				"east": {"uv": [4, 1, 5, 2], "texture": "#0"},
				"south": {"uv": [4, 1, 5, 2], "texture": "#0"},
				"west": {"uv": [4, 1, 5, 2], "texture": "#0"},
				"up": {"uv": [7.5, 8.5, 8, 9], "texture": "#0"},
				"down": {"uv": [4, 1, 5, 2], "texture": "#0"}
			},
			"type": "cube"
		},
		{
			"name": "cube",
			"from": [8.500000000000002, 0.09999999999999964, 9],
			"to": [9.500000000000002, 1, 10],
			"faces": {
				"north": {"uv": [4, 1, 5, 2], "texture": "#0"},
				"east": {"uv": [4, 1, 5, 2], "texture": "#0"},
				"south": {"uv": [4, 1, 5, 2], "texture": "#0"},
				"west": {"uv": [4, 1, 5, 2], "texture": "#0"},
				"up": {"uv": [7.5, 8.5, 8, 9], "texture": "#0"},
				"down": {"uv": [4, 1, 5, 2], "texture": "#0"}
			},
			"type": "cube"
		},
		{
			"name": "cube",
			"from": [
				8.500000000000002,
				0.09999999999999964,
				7.800000000000001
			],
			"to": [9.500000000000002, 1, 8.8],
			"faces": {
				"north": {"uv": [4, 1, 5, 2], "texture": "#0"},
				"east": {"uv": [4, 1, 5, 2], "texture": "#0"},
				"south": {"uv": [4, 1, 5, 2], "texture": "#0"},
				"west": {"uv": [4, 1, 5, 2], "texture": "#0"},
				"up": {"uv": [7.5, 8.5, 8, 9], "texture": "#0"},
				"down": {"uv": [4, 1, 5, 2], "texture": "#0"}
			},
			"type": "cube"
		},
		{
			"name": "cube",
			"from": [
				7.400000000000002,
				0.09999999999999964,
				6.6
			],
			"to": [10.600000000000001, 1, 7.6],
			"faces": {
				"north": {"uv": [4, 1, 5, 2], "texture": "#0"},
				"east": {"uv": [4, 1, 5, 2], "texture": "#0"},
				"south": {"uv": [4, 1, 5, 2], "texture": "#0"},
				"west": {"uv": [4, 1, 5, 2], "texture": "#0"},
				"up": {"uv": [7.5, 8.5, 8, 9], "texture": "#0"},
				"down": {"uv": [4, 1, 5, 2], "texture": "#0"}
			},
			"type": "cube"
		},
		{
			"name": "cube",
			"from": [
				8.100000000000001,
				0.09999999999999964,
				11.4
			],
			"to": [9.100000000000001, 1, 12.4],
			"faces": {
				"north": {"uv": [4, 1, 5, 2], "texture": "#0"},
				"east": {"uv": [4, 1, 5, 2], "texture": "#0"},
				"south": {"uv": [4, 1, 5, 2], "texture": "#0"},
				"west": {"uv": [4, 1, 5, 2], "texture": "#0"},
				"up": {"uv": [7.5, 8.5, 8, 9], "texture": "#0"},
				"down": {"uv": [4, 1, 5, 2], "texture": "#0"}
			},
			"type": "cube"
		},
		{
			"name": "cube",
			"from": [
				9.600000000000001,
				0.09999999999999964,
				10.200000000000001
			],
			"to": [10.600000000000001, 1, 11.200000000000001],
			"faces": {
				"north": {"uv": [4, 1, 5, 2], "texture": "#0"},
				"east": {"uv": [4, 1, 5, 2], "texture": "#0"},
				"south": {"uv": [4, 1, 5, 2], "texture": "#0"},
				"west": {"uv": [4, 1, 5, 2], "texture": "#0"},
				"up": {"uv": [7.5, 8.5, 8, 9], "texture": "#0"},
				"down": {"uv": [4, 1, 5, 2], "texture": "#0"}
			},
			"type": "cube"
		},
		{
			"name": "cube",
			"from": [9.600000000000001, 0.09999999999999964, 9],
			"to": [10.600000000000001, 1, 10],
			"faces": {
				"north": {"uv": [4, 1, 5, 2], "texture": "#0"},
				"east": {"uv": [4, 1, 5, 2], "texture": "#0"},
				"south": {"uv": [4, 1, 5, 2], "texture": "#0"},
				"west": {"uv": [4, 1, 5, 2], "texture": "#0"},
				"up": {"uv": [7.5, 8.5, 8, 9], "texture": "#0"},
				"down": {"uv": [4, 1, 5, 2], "texture": "#0"}
			},
			"type": "cube"
		},
		{
			"name": "cube",
			"from": [
				9.600000000000001,
				0.09999999999999964,
				7.800000000000001
			],
			"to": [10.600000000000001, 1, 8.8],
			"faces": {
				"north": {"uv": [4, 1, 5, 2], "texture": "#0"},
				"east": {"uv": [4, 1, 5, 2], "texture": "#0"},
				"south": {"uv": [4, 1, 5, 2], "texture": "#0"},
				"west": {"uv": [4, 1, 5, 2], "texture": "#0"},
				"up": {"uv": [7.5, 8.5, 8, 9], "texture": "#0"},
				"down": {"uv": [4, 1, 5, 2], "texture": "#0"}
			},
			"type": "cube"
		},
		{
			"name": "cube",
			"from": [
				9.200000000000001,
				0.09999999999999964,
				11.4
			],
			"to": [10.200000000000001, 1, 12.4],
			"faces": {
				"north": {"uv": [4, 1, 5, 2], "texture": "#0"},
				"east": {"uv": [4, 1, 5, 2], "texture": "#0"},
				"south": {"uv": [4, 1, 5, 2], "texture": "#0"},
				"west": {"uv": [4, 1, 5, 2], "texture": "#0"},
				"up": {"uv": [7.5, 8.5, 8, 9], "texture": "#0"},
				"down": {"uv": [4, 1, 5, 2], "texture": "#0"}
			},
			"type": "cube"
		},
		{
			"name": "cube",
			"from": [
				10.700000000000001,
				0.09999999999999964,
				10.200000000000001
			],
			"to": [11.700000000000001, 1, 11.200000000000001],
			"faces": {
				"north": {"uv": [4, 1, 5, 2], "texture": "#0"},
				"east": {"uv": [4, 1, 5, 2], "texture": "#0"},
				"south": {"uv": [4, 1, 5, 2], "texture": "#0"},
				"west": {"uv": [4, 1, 5, 2], "texture": "#0"},
				"up": {"uv": [7.5, 8.5, 8, 9], "texture": "#0"},
				"down": {"uv": [4, 1, 5, 2], "texture": "#0"}
			},
			"type": "cube"
		},
		{
			"name": "cube",
			"from": [10.700000000000001, 0.09999999999999964, 9],
			"to": [11.700000000000001, 1, 10],
			"faces": {
				"north": {"uv": [4, 1, 5, 2], "texture": "#0"},
				"east": {"uv": [4, 1, 5, 2], "texture": "#0"},
				"south": {"uv": [4, 1, 5, 2], "texture": "#0"},
				"west": {"uv": [4, 1, 5, 2], "texture": "#0"},
				"up": {"uv": [7.5, 8.5, 8, 9], "texture": "#0"},
				"down": {"uv": [4, 1, 5, 2], "texture": "#0"}
			},
			"type": "cube"
		},
		{
			"name": "cube",
			"from": [
				10.700000000000001,
				0.09999999999999964,
				7.800000000000001
			],
			"to": [11.700000000000001, 1, 8.8],
			"faces": {
				"north": {"uv": [4, 1, 5, 2], "texture": "#0"},
				"east": {"uv": [4, 1, 5, 2], "texture": "#0"},
				"south": {"uv": [4, 1, 5, 2], "texture": "#0"},
				"west": {"uv": [4, 1, 5, 2], "texture": "#0"},
				"up": {"uv": [7.5, 8.5, 8, 9], "texture": "#0"},
				"down": {"uv": [4, 1, 5, 2], "texture": "#0"}
			},
			"type": "cube"
		},
		{
			"name": "cube",
			"from": [
				10.700000000000001,
				0.09999999999999964,
				6.6
			],
			"to": [11.700000000000001, 1, 7.6],
			"faces": {
				"north": {"uv": [4, 1, 5, 2], "texture": "#0"},
				"east": {"uv": [4, 1, 5, 2], "texture": "#0"},
				"south": {"uv": [4, 1, 5, 2], "texture": "#0"},
				"west": {"uv": [4, 1, 5, 2], "texture": "#0"},
				"up": {"uv": [7.5, 8.5, 8, 9], "texture": "#0"},
				"down": {"uv": [4, 1, 5, 2], "texture": "#0"}
			},
			"type": "cube"
		},
		{
			"name": "cube",
			"from": [10.3, 0.09999999999999964, 11.4],
			"to": [11.3, 1, 12.4],
			"faces": {
				"north": {"uv": [4, 1, 5, 2], "texture": "#0"},
				"east": {"uv": [4, 1, 5, 2], "texture": "#0"},
				"south": {"uv": [4, 1, 5, 2], "texture": "#0"},
				"west": {"uv": [4, 1, 5, 2], "texture": "#0"},
				"up": {"uv": [7.5, 8.5, 8, 9], "texture": "#0"},
				"down": {"uv": [4, 1, 5, 2], "texture": "#0"}
			},
			"type": "cube"
		},
		{
			"name": "cube",
			"from": [
				11.8,
				0.09999999999999964,
				10.200000000000001
			],
			"to": [12.8, 1, 11.200000000000001],
			"faces": {
				"north": {"uv": [4, 1, 5, 2], "texture": "#0"},
				"east": {"uv": [4, 1, 5, 2], "texture": "#0"},
				"south": {"uv": [4, 1, 5, 2], "texture": "#0"},
				"west": {"uv": [4, 1, 5, 2], "texture": "#0"},
				"up": {"uv": [7.5, 8.5, 8, 9], "texture": "#0"},
				"down": {"uv": [4, 1, 5, 2], "texture": "#0"}
			},
			"type": "cube"
		},
		{
			"name": "cube",
			"from": [11.8, 0.09999999999999964, 9],
			"to": [12.8, 1, 10],
			"faces": {
				"north": {"uv": [4, 1, 5, 2], "texture": "#0"},
				"east": {"uv": [4, 1, 5, 2], "texture": "#0"},
				"south": {"uv": [4, 1, 5, 2], "texture": "#0"},
				"west": {"uv": [4, 1, 5, 2], "texture": "#0"},
				"up": {"uv": [7.5, 8.5, 8, 9], "texture": "#0"},
				"down": {"uv": [4, 1, 5, 2], "texture": "#0"}
			},
			"type": "cube"
		},
		{
			"name": "cube",
			"from": [
				11.8,
				0.09999999999999964,
				7.800000000000001
			],
			"to": [12.8, 1, 8.8],
			"faces": {
				"north": {"uv": [4, 1, 5, 2], "texture": "#0"},
				"east": {"uv": [4, 1, 5, 2], "texture": "#0"},
				"south": {"uv": [4, 1, 5, 2], "texture": "#0"},
				"west": {"uv": [4, 1, 5, 2], "texture": "#0"},
				"up": {"uv": [7.5, 8.5, 8, 9], "texture": "#0"},
				"down": {"uv": [4, 1, 5, 2], "texture": "#0"}
			},
			"type": "cube"
		},
		{
			"name": "cube",
			"from": [11.8, 0.09999999999999964, 6.6],
			"to": [12.8, 1, 7.6],
			"faces": {
				"north": {"uv": [4, 1, 5, 2], "texture": "#0"},
				"east": {"uv": [4, 1, 5, 2], "texture": "#0"},
				"south": {"uv": [4, 1, 5, 2], "texture": "#0"},
				"west": {"uv": [4, 1, 5, 2], "texture": "#0"},
				"up": {"uv": [7.5, 8.5, 8, 9], "texture": "#0"},
				"down": {"uv": [4, 1, 5, 2], "texture": "#0"}
			},
			"type": "cube"
		},
		{
			"name": "cube",
			"from": [
				13.500000000000002,
				0.2999999999999996,
				11.700000000000001
			],
			"to": [14.100000000000001, 1.2, 12.3],
			"faces": {
				"north": {"uv": [7.5, 7, 8.5, 8], "texture": "#0"},
				"east": {"uv": [7.5, 7, 8.5, 8], "texture": "#0"},
				"south": {"uv": [7.5, 7, 8.5, 8], "texture": "#0"},
				"west": {"uv": [7.5, 7, 8.5, 8], "texture": "#0"},
				"up": {"uv": [7.5, 7, 8.5, 8], "texture": "#0"},
				"down": {"uv": [7.5, 7, 8.5, 8], "texture": "#0"}
			},
			"type": "cube"
		},
		{
			"name": "cube",
			"from": [11.8, 0.09999999999999964, 11.4],
			"to": [12.8, 1, 12.4],
			"faces": {
				"north": {"uv": [4, 1, 5, 2], "texture": "#0"},
				"east": {"uv": [4, 1, 5, 2], "texture": "#0"},
				"south": {"uv": [4, 1, 5, 2], "texture": "#0"},
				"west": {"uv": [4, 1, 5, 2], "texture": "#0"},
				"up": {"uv": [7.5, 8.5, 8, 9], "texture": "#0"},
				"down": {"uv": [4, 1, 5, 2], "texture": "#0"}
			},
			"type": "cube"
		},
		{
			"name": "cube",
			"from": [
				0.9000000000000004,
				0.1999999999999993,
				7.799999999999999
			],
			"to": [1, 0.8000000000000007, 10.200000000000001],
			"faces": {
				"north": {
					"uv": [0, 15.5, 6.5, 16],
					"texture": "#0"
				},
				"east": {"uv": [0, 15.5, 6.5, 16], "texture": "#0"},
				"south": {
					"uv": [0, 15.5, 6.5, 16],
					"texture": "#0"
				},
				"west": {"uv": [0, 14, 6.5, 16], "texture": "#0"},
				"up": {"uv": [0, 15.5, 6.5, 16], "texture": "#0"},
				"down": {"uv": [0, 15.5, 6.5, 16], "texture": "#0"}
			},
			"type": "cube"
		},
		{
			"name": "cube",
			"from": [
				0.8000000000000007,
				0.1999999999999993,
				6.799999999999999
			],
			"to": [1, 0.8000000000000007, 7.4],
			"faces": {
				"north": {"uv": [11, 7, 12.5, 8], "texture": "#0"},
				"east": {"uv": [11, 7, 12.5, 8], "texture": "#0"},
				"south": {"uv": [11, 7, 12.5, 8], "texture": "#0"},
				"west": {"uv": [0, 0, 3, 3], "texture": "#0"},
				"up": {"uv": [11, 7, 12.5, 8], "texture": "#0"},
				"down": {"uv": [11, 7, 12.5, 8], "texture": "#0"}
			},
			"type": "cube"
		},
		{
			"name": "cube",
			"from": [
				0.8000000000000007,
				0.1999999999999993,
				5.999999999999999
			],
			"to": [1, 0.8000000000000007, 6.6000000000000005],
			"faces": {
				"north": {"uv": [11, 7, 12.5, 8], "texture": "#0"},
				"east": {"uv": [11, 7, 12.5, 8], "texture": "#0"},
				"south": {"uv": [11, 7, 12.5, 8], "texture": "#0"},
				"west": {"uv": [0, 0, 3, 3], "texture": "#0"},
				"up": {"uv": [11, 7, 12.5, 8], "texture": "#0"},
				"down": {"uv": [11, 7, 12.5, 8], "texture": "#0"}
			},
			"type": "cube"
		},
		{
			"name": "cube",
			"from": [0.8000000000000007, 0.5, 4.699999999999999],
			"to": [1, 0.8000000000000007, 5],
			"faces": {
				"north": {
					"uv": [8.6, 5.5, 9.4, 6.3],
					"texture": "#0"
				},
				"east": {
					"uv": [8.6, 5.5, 9.4, 6.3],
					"texture": "#0"
				},
				"south": {
					"uv": [8.6, 5.5, 9.4, 6.3],
					"texture": "#0"
				},
				"west": {
					"uv": [8.6, 5.5, 9.4, 6.3],
					"texture": "#0"
				},
				"up": {"uv": [8.6, 5.5, 9.4, 6.3], "texture": "#0"},
				"down": {
					"uv": [8.6, 5.5, 9.4, 6.3],
					"texture": "#0"
				}
			},
			"type": "cube"
		},
		{
			"name": "cube",
			"from": [0.8000000000000007, 0.5, 4.199999999999999],
			"to": [1, 0.8000000000000007, 4.5],
			"faces": {
				"north": {
					"uv": [7.6, 6, 8.4, 6.8],
					"texture": "#0"
				},
				"east": {"uv": [7.6, 6, 8.4, 6.8], "texture": "#0"},
				"south": {
					"uv": [7.6, 6, 8.4, 6.8],
					"texture": "#0"
				},
				"west": {"uv": [7.6, 6, 8.4, 6.8], "texture": "#0"},
				"up": {"uv": [7.6, 6, 8.4, 6.8], "texture": "#0"},
				"down": {"uv": [7.6, 6, 8.4, 6.8], "texture": "#0"}
			},
			"type": "cube"
		},
		{
			"name": "cube",
			"from": [
				0.8000000000000007,
				0.1999999999999993,
				5.199999999999999
			],
			"to": [1, 0.8000000000000007, 5.800000000000001],
			"faces": {
				"north": {"uv": [11, 7, 12.5, 8], "texture": "#0"},
				"east": {"uv": [11, 7, 12.5, 8], "texture": "#0"},
				"south": {"uv": [11, 7, 12.5, 8], "texture": "#0"},
				"west": {"uv": [0, 0, 3, 3], "texture": "#0"},
				"up": {"uv": [11, 7, 12.5, 8], "texture": "#0"},
				"down": {"uv": [11, 7, 12.5, 8], "texture": "#0"}
			},
			"type": "cube"
		},
		{
			"name": "cube",
			"from": [1, -2.0600000000000005, 11.14],
			"to": [
				15.000000000000002,
				-1.2000000000000006,
				11.84
			],
			"faces": {
				"north": {"uv": [8, 11, 15.7, 12], "texture": "#0"},
				"east": {"uv": [8, 11, 15.7, 12], "texture": "#0"},
				"south": {"uv": [8, 11, 15.7, 12], "texture": "#0"},
				"west": {"uv": [8, 11, 15.7, 12], "texture": "#0"},
				"up": {"uv": [8, 11, 15.7, 12], "texture": "#0"},
				"down": {"uv": [8, 11, 15.7, 12], "texture": "#0"}
			},
			"rotation": {
				"origin": [
					8,
					5.9399999999999995,
					5.4399999999999995
				],
				"axis": "x",
				"angle": -22.5
			},
			"type": "cube"
		},
		{
			"name": "cube",
			"from": [1, 1.8399999999999999, 16.84],
			"to": [
				15.000000000000002,
				2.9399999999999995,
				17.54
			],
			"faces": {
				"north": {"uv": [8, 11, 15.7, 12], "texture": "#0"},
				"east": {"uv": [8, 11, 15.7, 12], "texture": "#0"},
				"south": {"uv": [8, 11, 15.7, 12], "texture": "#0"},
				"west": {"uv": [8, 11, 15.7, 12], "texture": "#0"},
				"up": {"uv": [8, 11, 15.7, 12], "texture": "#0"},
				"down": {"uv": [8, 11, 15.7, 12], "texture": "#0"}
			},
			"rotation": {
				"origin": [8, 9.84, 11.139999999999999],
				"axis": "x",
				"angle": 22.5
			},
			"_loading": false,
			"type": "cube"
		},
		{
			"name": "cube",
			"from": [1, 1.299999999999999, 3],
			"to": [15.000000000000002, 1.799999999999999, 14.07],
			"faces": {
				"north": {
					"uv": [8, 10, 15.7, 16],
					"texture": "#0",
					"rotation": 180
				},
				"east": {
					"uv": [8, 10, 8.7, 16],
					"texture": "#0",
					"rotation": 90
				},
				"south": {"uv": [8, 10, 15.7, 16], "texture": "#0"},
				"west": {
					"uv": [8, 10, 8.7, 16],
					"texture": "#0",
					"rotation": 270
				},
				"up": {"uv": [8, 10, 15.7, 16], "texture": "#0"},
				"down": {
					"uv": [8, 10, 15.7, 16],
					"texture": "#0",
					"rotation": 180
				}
			},
			"rotation": {
				"origin": [
					8,
					-4.600000000000001,
					7.199999999999999
				],
				"axis": "x",
				"angle": 0
			},
			"type": "cube"
		},
		{
			"name": "cube",
			"from": [
				1.4000000000000004,
				1.1999999999999993,
				3.6999999999999993
			],
			"to": [14.600000000000001, 1.6999999999999993, 13.7],
			"faces": {
				"north": {
					"uv": [0, 0, 13.200000000000001, 0.5],
					"texture": "#missing",
					"rotation": 180
				},
				"east": {
					"uv": [0, 0, 0.5, 10],
					"texture": "#missing",
					"rotation": 90
				},
				"south": {
					"uv": [0, 0, 13.200000000000001, 0.5],
					"texture": "#missing"
				},
				"west": {
					"uv": [0, 0, 0.5, 10],
					"texture": "#missing",
					"rotation": 270
				},
				"up": {
					"uv": [0, 0, 13.200000000000001, 10],
					"texture": "#missing"
				},
				"down": {
					"uv": [0, 3, 7.2, 8],
					"texture": "#0",
					"rotation": 180
				}
			},
			"rotation": {
				"origin": [
					8,
					-4.600000000000001,
					7.199999999999999
				],
				"axis": "x",
				"angle": 0
			},
			"type": "cube"
		},
		{
			"name": "cube",
			"from": [
				7.6999999999999975,
				0.6999999999999993,
				3.1999999999999984
			],
			"to": [
				8.100000000000003,
				1.1999999999999993,
				3.500000000000001
			],
			"faces": {
				"north": {
					"uv": [10.5, 6.5, 12.4, 7.8],
					"texture": "#0",
					"rotation": 180
				},
				"east": {
					"uv": [10.5, 6.5, 12.4, 7.8],
					"texture": "#0",
					"rotation": 90
				},
				"south": {
					"uv": [10.5, 6.5, 12.4, 7.8],
					"texture": "#0"
				},
				"west": {
					"uv": [10.5, 6.5, 12.4, 7.8],
					"texture": "#0",
					"rotation": 270
				},
				"up": {
					"uv": [10.5, 6.5, 12.4, 7.8],
					"texture": "#0"
				},
				"down": {
					"uv": [10.5, 6.5, 12.4, 7.8],
					"texture": "#0",
					"rotation": 180
				}
			},
			"rotation": {
				"origin": [8, -4.600000000000001, 7.2],
				"axis": "x",
				"angle": 0
			},
			"type": "cube"
		},
		{
			"name": "cube",
			"from": [
				6.799999999999999,
				0.7999999999999989,
				3.0999999999999988
			],
			"to": [
				9.000000000000002,
				1.1999999999999993,
				3.6000000000000005
			],
			"faces": {
				"north": {
					"uv": [4.5, 8.5, 6.7, 9],
					"texture": "#0",
					"rotation": 180
				},
				"east": {
					"uv": [4.5, 8.5, 6.7, 9],
					"texture": "#0",
					"rotation": 90
				},
				"south": {
					"uv": [4.5, 8.5, 6.7, 9],
					"texture": "#0"
				},
				"west": {
					"uv": [4.5, 8.5, 6.7, 9],
					"texture": "#0",
					"rotation": 270
				},
				"up": {"uv": [4.5, 8.5, 6.7, 9], "texture": "#0"},
				"down": {
					"uv": [4.5, 8.5, 6.7, 9],
					"texture": "#0",
					"rotation": 180
				}
			},
			"rotation": {
				"origin": [8, -4.600000000000001, 7.2],
				"axis": "x",
				"angle": 0
			},
			"type": "cube"
		},
		{
			"name": "cube",
			"from": [
				1.3999999999999986,
				0.8999999999999986,
				2.999999999999999
			],
			"to": [14.600000000000001, 1.299999999999999, 3.7],
			"faces": {
				"north": {
					"uv": [8, 11, 15.7, 12],
					"texture": "#0",
					"rotation": 180
				},
				"east": {
					"uv": [8, 11, 15.7, 12],
					"texture": "#0",
					"rotation": 90
				},
				"south": {"uv": [8, 11, 15.7, 12], "texture": "#0"},
				"west": {
					"uv": [8, 11, 15.7, 12],
					"texture": "#0",
					"rotation": 270
				},
				"up": {"uv": [8, 11, 15.7, 12], "texture": "#0"},
				"down": {
					"uv": [8, 11, 15.7, 12],
					"texture": "#0",
					"rotation": 180
				}
			},
			"rotation": {
				"origin": [8, -4.600000000000001, 7.2],
				"axis": "x",
				"angle": 0
			},
			"type": "cube"
		},
		{
			"name": "cube",
			"from": [
				1.3999999999999986,
				0.8999999999999986,
				13.7
			],
			"to": [14.600000000000001, 1.1999999999999993, 14.2],
			"faces": {
				"north": {
					"uv": [8, 11, 15.7, 12],
					"texture": "#0",
					"rotation": 180
				},
				"east": {
					"uv": [8, 11, 15.7, 12],
					"texture": "#0",
					"rotation": 90
				},
				"south": {"uv": [8, 11, 15.7, 12], "texture": "#0"},
				"west": {
					"uv": [8, 11, 15.7, 12],
					"texture": "#0",
					"rotation": 270
				},
				"up": {"uv": [8, 11, 15.7, 12], "texture": "#0"},
				"down": {
					"uv": [8, 11, 15.7, 12],
					"texture": "#0",
					"rotation": 180
				}
			},
			"rotation": {
				"origin": [
					8,
					-4.600000000000001,
					7.199999999999999
				],
				"axis": "x",
				"angle": 0
			},
			"type": "cube"
		},
		{
			"name": "cube",
			"from": [
				0.9999999999999982,
				0.8999999999999986,
				2.9999999999999982
			],
			"to": [1.4000000000000004, 1.299999999999999, 14.2],
			"faces": {
				"north": {
					"uv": [8, 11, 15.7, 12],
					"texture": "#0",
					"rotation": 180
				},
				"east": {
					"uv": [8, 11, 15.7, 12],
					"texture": "#0",
					"rotation": 90
				},
				"south": {"uv": [8, 11, 15.7, 12], "texture": "#0"},
				"west": {
					"uv": [8, 10, 8.7, 16],
					"texture": "#0",
					"rotation": 270
				},
				"up": {"uv": [8, 11, 15.7, 12], "texture": "#0"},
				"down": {
					"uv": [8, 11, 15.7, 12],
					"texture": "#0",
					"rotation": 180
				}
			},
			"rotation": {
				"origin": [
					8,
					-4.600000000000001,
					7.199999999999999
				],
				"axis": "x",
				"angle": 0
			},
			"type": "cube"
		},
		{
			"name": "cube",
			"from": [
				14.6,
				0.8999999999999986,
				2.9999999999999982
			],
			"to": [15.000000000000002, 1.299999999999999, 14.2],
			"faces": {
				"north": {
					"uv": [8, 11, 15.7, 12],
					"texture": "#0",
					"rotation": 180
				},
				"east": {
					"uv": [8, 10, 8.7, 16],
					"texture": "#0",
					"rotation": 90
				},
				"south": {"uv": [8, 11, 15.7, 12], "texture": "#0"},
				"west": {
					"uv": [8, 10, 8.7, 16],
					"texture": "#0",
					"rotation": 270
				},
				"up": {"uv": [8, 11, 15.7, 12], "texture": "#0"},
				"down": {
					"uv": [8, 11, 15.7, 12],
					"texture": "#0",
					"rotation": 180
				}
			},
			"rotation": {
				"origin": [
					8,
					-4.600000000000001,
					7.199999999999999
				],
				"axis": "x",
				"angle": 0
			},
			"type": "cube"
		}
	],
	"groups": [
		0,
		1,
		2,
		3,
		4,
		5,
		6,
		7,
		8,
		9,
		10,
		11,
		12,
		13,
		14,
		15,
		16,
		17,
		18,
		19,
		20,
		21,
		22,
		23,
		24,
		25,
		26,
		27,
		28,
		29,
		30,
		31,
		32,
		33,
		34,
		35,
		36,
		37,
		38,
		39,
		40,
		41,
		42,
		43,
		44,
		45,
		46,
		47,
		48,
		49,
		50,
		51,
		52,
		53,
		54,
		55,
		56,
		57,
		58,
		59,
		60,
		61,
		62,
		63,
		64,
		65,
		66,
		67,
		68,
		{
			"name": "group",
			"isOpen": true,
			"display": {"visibility": true, "autouv": true},
			"children": [69, 70, 71, 72, 73, 74, 75, 76]
		}
	],
	"display": {
		"thirdperson_righthand": {
			"scale": [0.375, 0.375, 0.375],
			"rotation": [75, 45, 0],
			"translation": [-0.5, 4.5, 1]
		},
		"thirdperson_lefthand": {
			"scale": [0.375, 0.375, 0.375],
			"rotation": [75, 45, 0],
			"translation": [-0.5, 4.5, 1]
		},
		"firstperson_righthand": {
			"scale": [0.375, 0.375, 0.375],
			"rotation": [-20, 79, 7],
			"translation": [-0.5, 3, 0]
		},
		"firstperson_lefthand": {
			"scale": [0.375, 0.375, 0.375],
			"rotation": [-20, 79, 7],
			"translation": [-0.5, 3, 0]
		},
		"head": {
			"scale": [1, 1, 1],
			"translation": [0, 14.5, 0]
		},
		"ground": {
			"scale": [0.5, 0.5, 0.5],
			"rotation": [0, 0, 0],
			"translation": [0, 2, 0]
		},
		"fixed": {
			"rotation": [-90, 0, 0],
			"scale": [1, 1, 1],
			"translation": [0, 0, -8]
		},
		"gui": {
			"scale": [0.625, 0.625, 0.625],
			"rotation": [30, 225, 0],
			"translation": [0, 0, 0]
		}
	}
}