{
	"credit": "Made with Blockbench, a free, modern block model editor by JannisX11",
	"ambientocclusion": false,
	"elements": [
		{
			"name": "cube",
			"from": [1, 0.8999999999999999, 0.5],
			"to": [15, 1.4, 11.7],
			"faces": {
				"north": {"uv": [8, 10, 15.7, 16], "texture": "#0"},
				"east": {
					"uv": [8, 10, 8.7, 16],
					"texture": "#0",
					"rotation": 270
				},
				"south": {
					"uv": [8, 10, 15.7, 16],
					"texture": "#0",
					"rotation": 180
				},
				"west": {
					"uv": [8, 10, 8.7, 16],
					"texture": "#0",
					"rotation": 90
				},
				"up": {
					"uv": [8, 10, 15.7, 16],
					"texture": "#0",
					"rotation": 180
				},
				"down": {"uv": [8, 10, 15.7, 16], "texture": "#0"}
			},
			"rotation": {
				"origin": [8, -5, 7.5],
				"axis": "x",
				"angle": 0
			},
			"type": "cube"
		},
		{
			"name": "cube",
			"from": [1.3999999999999986, 0.8, 1.5],
			"to": [14.6, 1.3, 11.5],
			"faces": {
				"north": {
					"uv": [0, 0, 13.200000000000001, 0.5],
					"texture": "#0"
				},
				"east": {
					"uv": [0, 0, 0.5, 10],
					"texture": "#0",
					"rotation": 270
				},
				"south": {
					"uv": [0, 0, 13.200000000000001, 0.5],
					"texture": "#0",
					"rotation": 180
				},
				"west": {
					"uv": [0, 0, 0.5, 10],
					"texture": "#0",
					"rotation": 90
				},
				"up": {
					"uv": [0, 0, 13.200000000000001, 10],
					"texture": "#0",
					"rotation": 180
				},
				"down": {"uv": [0, 3, 7.2, 8], "texture": "#0"}
			},
			"rotation": {
				"origin": [8, -5.000000000000001, 8],
				"axis": "x",
				"angle": 0
			},
			"type": "cube"
		},
		{
			"name": "cube",
			"from": [7.899999999999997, 0, 11.2],
			"to": [8.300000000000002, 0.5, 11.500000000000002],
			"faces": {
				"north": {
					"uv": [10.5, 6.5, 12.4, 7.8],
					"texture": "#0"
				},
				"east": {
					"uv": [10.5, 6.5, 12.4, 7.8],
					"texture": "#0",
					"rotation": 270
				},
				"south": {
					"uv": [10.5, 6.5, 12.4, 7.8],
					"texture": "#0",
					"rotation": 180
				},
				"west": {
					"uv": [10.5, 6.5, 12.4, 7.8],
					"texture": "#0",
					"rotation": 90
				},
				"up": {
					"uv": [10.5, 6.5, 12.4, 7.8],
					"texture": "#0",
					"rotation": 180
				},
				"down": {
					"uv": [10.5, 6.5, 12.4, 7.8],
					"texture": "#0"
				}
			},
			"rotation": {
				"origin": [8, -5.300000000000001, 7.5],
				"axis": "x",
				"angle": 0
			},
			"type": "cube"
		},
		{
			"name": "cube",
			"from": [
				6.999999999999998,
				0.09999999999999998,
				11.1
			],
			"to": [
				9.200000000000001,
				0.5000000000000003,
				11.600000000000001
			],
			"faces": {
				"north": {
					"uv": [4.5, 8.5, 6.7, 9],
					"texture": "#0"
				},
				"east": {
					"uv": [4.5, 8.5, 6.7, 9],
					"texture": "#0",
					"rotation": 270
				},
				"south": {
					"uv": [4.5, 8.5, 6.7, 9],
					"texture": "#0",
					"rotation": 180
				},
				"west": {
					"uv": [4.5, 8.5, 6.7, 9],
					"texture": "#0",
					"rotation": 90
				},
				"up": {
					"uv": [4.5, 8.5, 6.7, 9],
					"texture": "#0",
					"rotation": 180
				},
				"down": {"uv": [4.5, 8.5, 6.7, 9], "texture": "#0"}
			},
			"rotation": {
				"origin": [8, -5.300000000000001, 7.5],
				"axis": "x",
				"angle": 0
			},
			"type": "cube"
		},
		{
			"name": "cube",
			"from": [1.3999999999999986, 0.5, 11],
			"to": [
				14.600000000000001,
				0.9000000000000004,
				11.700000000000001
			],
			"faces": {
				"north": {"uv": [8, 11, 15.7, 12], "texture": "#0"},
				"east": {
					"uv": [8, 11, 15.7, 12],
					"texture": "#0",
					"rotation": 270
				},
				"south": {
					"uv": [8, 11, 15.7, 12],
					"texture": "#0",
					"rotation": 180
				},
				"west": {
					"uv": [8, 11, 15.7, 12],
					"texture": "#0",
					"rotation": 90
				},
				"up": {
					"uv": [8, 11, 15.7, 12],
					"texture": "#0",
					"rotation": 180
				},
				"down": {"uv": [8, 11, 15.7, 12], "texture": "#0"}
			},
			"rotation": {
				"origin": [8, -5, 7.5],
				"axis": "x",
				"angle": 0
			},
			"type": "cube"
		},
		{
			"name": "cube",
			"from": [1.4000000000000004, 0.5, 0.5],
			"to": [14.600000000000003, 0.9000000000000004, 1],
			"faces": {
				"north": {"uv": [8, 11, 15.7, 12], "texture": "#0"},
				"east": {
					"uv": [8, 11, 15.7, 12],
					"texture": "#0",
					"rotation": 270
				},
				"south": {
					"uv": [8, 11, 15.7, 12],
					"texture": "#0",
					"rotation": 180
				},
				"west": {
					"uv": [8, 11, 15.7, 12],
					"texture": "#0",
					"rotation": 90
				},
				"up": {
					"uv": [8, 11, 15.7, 12],
					"texture": "#0",
					"rotation": 180
				},
				"down": {"uv": [8, 11, 15.7, 12], "texture": "#0"}
			},
			"rotation": {
				"origin": [8.000000000000002, -5, 7.5],
				"axis": "x",
				"angle": 0
			},
			"type": "cube"
		},
		{
			"name": "cube",
			"from": [1, 0.5, 0.5],
			"to": [1.4, 0.9000000000000021, 11.7],
			"faces": {
				"north": {
					"uv": [8, 11, 15.7, 12],
					"texture": "#0",
					"rotation": 90
				},
				"east": {
					"uv": [8, 11, 15.7, 12],
					"texture": "#0",
					"rotation": 270
				},
				"south": {
					"uv": [8, 11, 15.7, 12],
					"texture": "#0",
					"rotation": 90
				},
				"west": {
					"uv": [8, 11, 15.7, 12],
					"texture": "#0",
					"rotation": 90
				},
				"up": {
					"uv": [8, 10, 8.7, 16],
					"texture": "#0",
					"rotation": 180
				},
				"down": {"uv": [8, 11, 15.7, 12], "texture": "#0"}
			},
			"rotation": {
				"origin": [6.9, -6.1, 7.5],
				"axis": "x",
				"angle": 0
			},
			"type": "cube"
		},
		{
			"name": "cube",
			"from": [14.6, 0.5, 0.5],
			"to": [
				15.000000000000002,
				0.9000000000000004,
				11.700000000000001
			],
			"faces": {
				"north": {
					"uv": [8, 11, 15.7, 12],
					"texture": "#0",
					"rotation": 180
				},
				"east": {
					"uv": [8, 10, 8.7, 16],
					"texture": "#0",
					"rotation": 270
				},
				"south": {"uv": [8, 11, 15.7, 12], "texture": "#0"},
				"west": {
					"uv": [8, 10, 8.7, 16],
					"texture": "#0",
					"rotation": 90
				},
				"up": {
					"uv": [8, 11, 15.7, 12],
					"texture": "#0",
					"rotation": 180
				},
				"down": {"uv": [8, 11, 15.7, 12], "texture": "#0"}
			},
			"rotation": {
				"origin": [8, -5, 7.5],
				"axis": "x",
				"angle": 0
			},
			"type": "cube"
		}
	],
	"display": {
		"thirdperson_righthand": {
			"scale": [0.375, 0.375, 0.375],
			"rotation": [75, 45, 0],
			"translation": [-0.5, 4.5, 1]
		},
		"thirdperson_lefthand": {
			"scale": [0.375, 0.375, 0.375],
			"rotation": [75, 45, 0],
			"translation": [-0.5, 4.5, 1]
		},
		"firstperson_righthand": {
			"scale": [0.375, 0.375, 0.375],
			"rotation": [-20, 79, 7],
			"translation": [-0.5, 3, 0]
		},
		"firstperson_lefthand": {
			"scale": [0.375, 0.375, 0.375],
			"rotation": [-20, 79, 7],
			"translation": [-0.5, 3, 0]
		},
		"head": {
			"scale": [1, 1, 1],
			"translation": [0, 14.5, 0]
		},
		"ground": {
			"scale": [0.5, 0.5, 0.5],
			"rotation": [0, 0, 0],
			"translation": [0, 2, 0]
		},
		"fixed": {
			"rotation": [0, 0, 0],
			"translation": [0, 0, -6]
		},
		"gui": {
			"scale": [0.625, 0.625, 0.625],
			"rotation": [30, 225, 0],
			"translation": [0, 0, 0]
		}
	}
}