{
	"credit": "Made with Blockbench, a free, modern block model editor by JannisX11",
	"textures": {
		"particle": "hgm:model/screen"
	},
	"elements": [
		{
			"name": "cube",
			"from": [0, 0, 8],
			"to": [16, 16, 9],
			"faces": {
				"north": {
					"uv": [0, 0, 10.25, 10.5],
					"texture": "#particle"
				},
				"east": {
					"uv": [9.5, 0, 10.5, 10.5],
					"texture": "#particle"
				},
				"south": {
					"uv": [0, 0, 10.25, 10.5],
					"texture": "#particle"
				},
				"west": {"uv": [0, 0, 1, 10.5], "texture": "#particle"},
				"up": {"uv": [0, 0, 10.5, 1], "texture": "#particle"},
				"down": {
					"uv": [0, 9.5, 10.5, 10.5],
					"texture": "#particle"
				}
			},
			"type": "cube"
		},
		{
			"name": "cube",
			"from": [0, 15, 7],
			"to": [16, 16, 8],
			"faces": {
				"north": {"uv": [0, 10.5, 16, 16], "texture": "#particle"},
				"east": {"uv": [0, 10.5, 16, 16], "texture": "#particle"},
				"south": {"uv": [0, 0, 4, 0.25], "texture": "#particle"},
				"west": {"uv": [0, 10.5, 16, 16], "texture": "#particle"},
				"up": {"uv": [0, 10.5, 16, 16], "texture": "#particle"},
				"down": {"uv": [0, 10.5, 16, 16], "texture": "#particle"}
			},
			"type": "cube"
		},
		{
			"name": "cube",
			"from": [0, 0, 7],
			"to": [16, 1, 8],
			"faces": {
				"north": {"uv": [0, 10.5, 16, 16], "texture": "#particle"},
				"east": {"uv": [0, 10.5, 16, 16], "texture": "#particle"},
				"south": {"uv": [0, 0, 16, 1], "texture": "#particle"},
				"west": {"uv": [0, 10.5, 16, 16], "texture": "#particle"},
				"up": {"uv": [0, 10.5, 16, 16], "texture": "#particle"},
				"down": {"uv": [0, 10.5, 16, 16], "texture": "#particle"}
			},
			"type": "cube"
		},
		{
			"name": "cube",
			"from": [15, 1, 7],
			"to": [16, 15, 8],
			"faces": {
				"north": {
					"uv": [10.5, 0, 16, 10.5],
					"texture": "#particle"
				},
				"east": {
					"uv": [10.5, 0, 16, 10.5],
					"texture": "#particle"
				},
				"south": {"uv": [0, 0, 1, 14], "texture": "#particle"},
				"west": {
					"uv": [10.5, 0, 16, 10.5],
					"texture": "#particle"
				},
				"up": {"uv": [0, 0, 1, 1], "texture": "#particle"},
				"down": {"uv": [0, 0, 1, 1], "texture": "#particle"}
			},
			"type": "cube"
		},
		{
			"name": "cube",
			"from": [0, 1, 7],
			"to": [1, 15, 8],
			"faces": {
				"north": {
					"uv": [10.5, 0, 16, 10.5],
					"texture": "#particle"
				},
				"east": {
					"uv": [10.5, 0, 16, 10.5],
					"texture": "#particle"
				},
				"south": {"uv": [0, 0, 1, 14], "texture": "#particle"},
				"west": {
					"uv": [10.5, 0, 16, 10.5],
					"texture": "#particle"
				},
				"up": {"uv": [0, 0, 1, 1], "texture": "#particle"},
				"down": {"uv": [0, 0, 1, 1], "texture": "#particle"}
			},
			"type": "cube"
		}
	],
	"display": {}
}