{
	"credit": "Made with Blockbench, a free, modern block model editor by JannisX11",
	"textures": {
		"0": "hgm:blocks/seat",
		"1": "hgm:blocks/plastic",
		"2": "hgm:blocks/metal",
		"particle": "hgm:blocks/metal"
	},
	"elements": [
		{
			"name": "wheel_1",
			"from": [2, 0, 2],
			"to": [3.1, 2.5, 4.5],
			"faces": {
				"north": {"uv": [0, 8, 1, 10], "texture": "#0"},
				"east": {"uv": [0, 8, 2.1, 10.5], "texture": "#0"},
				"south": {"uv": [0, 8, 1, 10], "texture": "#0"},
				"west": {"uv": [0, 8, 2.1, 10.5], "texture": "#0"},
				"up": {"uv": [0, 8, 1, 10], "texture": "#0"},
				"down": {"uv": [0, 8, 1, 10], "texture": "#0"}
			},
			"type": "cube"
		},
		{
			"name": "wheel_2",
			"from": [11.5, 0, 2],
			"to": [12.6, 2.5, 4.5],
			"faces": {
				"north": {"uv": [0, 8, 1, 10], "texture": "#0"},
				"east": {"uv": [0, 8, 2.1, 10.5], "texture": "#0"},
				"south": {"uv": [0, 8, 1, 10], "texture": "#0"},
				"west": {"uv": [0, 8, 2.1, 10.5], "texture": "#0"},
				"up": {"uv": [0, 8, 1, 10], "texture": "#0"},
				"down": {"uv": [0, 8, 1, 10], "texture": "#0"}
			},
			"type": "cube"
		},
		{
			"name": "wheel_3",
			"from": [11.5, 0, 11.5],
			"to": [12.6, 2.5, 14],
			"faces": {
				"north": {"uv": [0, 8, 1, 10], "texture": "#0"},
				"east": {"uv": [0, 8, 2.1, 10.5], "texture": "#0"},
				"south": {"uv": [0, 8, 1, 10], "texture": "#0"},
				"west": {"uv": [0, 8, 2.1, 10.5], "texture": "#0"},
				"up": {"uv": [0, 8, 1, 10], "texture": "#0"},
				"down": {"uv": [0, 8, 1, 10], "texture": "#0"}
			},
			"type": "cube"
		},
		{
			"name": "wheel_4",
			"from": [2, 0, 11.5],
			"to": [3.1, 2.5, 14],
			"faces": {
				"north": {"uv": [0, 8, 1, 10], "texture": "#0"},
				"east": {"uv": [0, 8, 2.1, 10.5], "texture": "#0"},
				"south": {"uv": [0, 8, 1, 10], "texture": "#0"},
				"west": {"uv": [0, 8, 2.1, 10.5], "texture": "#0"},
				"up": {"uv": [0, 8, 1, 10], "texture": "#0"},
				"down": {"uv": [0, 8, 1, 10], "texture": "#0"}
			},
			"type": "cube"
		},
		{
			"name": "legs_1",
			"from": [2, 2.5, 7],
			"to": [14, 4.5, 9],
			"faces": {
				"north": {"uv": [1, 6, 13, 9], "texture": "#2"},
				"east": {"uv": [14, 0, 16, 2], "texture": "#2"},
				"south": {"uv": [2, 7, 13, 10], "texture": "#2"},
				"west": {"uv": [14, 0, 16, 2], "texture": "#2"},
				"up": {"uv": [2, 8, 13, 11], "texture": "#2"},
				"down": {"uv": [2, 7, 14, 10], "texture": "#2"}
			},
			"rotation": {
				"origin": [8, 8, 8],
				"axis": "y",
				"angle": -45
			},
			"type": "cube"
		},
		{
			"name": "legs_2",
			"from": [2, 2.5, 7],
			"to": [14, 4.5, 9],
			"faces": {
				"north": {"uv": [1, 7, 13, 10], "texture": "#2"},
				"east": {"uv": [14, 0, 16, 2], "texture": "#2"},
				"south": {"uv": [2, 7, 13, 10], "texture": "#2"},
				"west": {"uv": [14, 0, 16, 2], "texture": "#2"},
				"up": {"uv": [1, 7, 12, 10], "texture": "#2"},
				"down": {"uv": [2, 7, 14, 10], "texture": "#2"}
			},
			"rotation": {
				"origin": [8, 8, 8],
				"axis": "y",
				"angle": 45
			},
			"type": "cube"
		},
		{
			"name": "legs_3",
			"from": [7, 4.5, 7],
			"to": [9, 9.5, 9],
			"faces": {
				"north": {
					"uv": [6, 11, 8, 16],
					"texture": "#1",
					"tintindex": 0
				},
				"east": {
					"uv": [6, 11, 8, 16],
					"texture": "#1",
					"tintindex": 0
				},
				"south": {
					"uv": [6, 11, 8, 16],
					"texture": "#1",
					"tintindex": 0
				},
				"west": {
					"uv": [6, 11, 8, 16],
					"texture": "#1",
					"tintindex": 0
				},
				"up": {
					"uv": [0, 0, 2, 2],
					"texture": "#1",
					"tintindex": 0
				},
				"down": {
					"uv": [6, 6, 8, 8],
					"texture": "#1",
					"tintindex": 0
				}
			},
			"type": "cube"
		},
		{
			"name": "wheel_connection_1",
			"from": [14, 2.5, 7.3],
			"to": [15.4, 4.3, 8.7],
			"faces": {
				"north": {
					"uv": [6, 8, 7.4, 9.8],
					"texture": "#1",
					"cullface": "north",
					"tintindex": 0
				},
				"east": {
					"uv": [6, 8, 7.4, 9.8],
					"texture": "#1",
					"cullface": "east",
					"tintindex": 0
				},
				"south": {
					"uv": [6, 8, 7.4, 9.8],
					"texture": "#1",
					"cullface": "south",
					"tintindex": 0
				},
				"west": {
					"uv": [0, 6, 1.4, 7.8],
					"texture": "#0",
					"cullface": "west",
					"tintindex": 0
				},
				"up": {
					"uv": [6, 8, 7.4, 9.4],
					"texture": "#1",
					"cullface": "up",
					"tintindex": 0
				},
				"down": {
					"uv": [6, 8, 7.4, 9.4],
					"texture": "#1",
					"cullface": "down",
					"tintindex": 0
				}
			},
			"rotation": {
				"origin": [8, 8, 8],
				"axis": "y",
				"angle": -45
			},
			"type": "cube"
		},
		{
			"name": "wheel_connection_2",
			"from": [0.6, 2.5, 7.3],
			"to": [2, 4.3, 8.7],
			"faces": {
				"north": {
					"uv": [6, 8, 7.4, 9.8],
					"texture": "#1",
					"tintindex": 0
				},
				"east": {
					"uv": [0, 6, 1.4, 7.8],
					"texture": "#0",
					"tintindex": 0
				},
				"south": {
					"uv": [6, 8, 7.4, 9.8],
					"texture": "#1",
					"tintindex": 0
				},
				"west": {
					"uv": [6, 8, 7.4, 9.8],
					"texture": "#1",
					"tintindex": 0
				},
				"up": {
					"uv": [6, 8, 7.4, 9.4],
					"texture": "#1",
					"tintindex": 0
				},
				"down": {
					"uv": [0, 0, 1.4, 1.4],
					"texture": "#0",
					"tintindex": 0
				}
			},
			"rotation": {
				"origin": [8, 8, 8],
				"axis": "y",
				"angle": -45
			},
			"type": "cube"
		},
		{
			"name": "wheel_connection_3",
			"from": [0.6, 2.5, 7.3],
			"to": [2, 4.3, 8.7],
			"faces": {
				"north": {
					"uv": [6, 8, 7.4, 9.8],
					"texture": "#1",
					"tintindex": 0
				},
				"east": {
					"uv": [0, 6, 1.4, 7.8],
					"texture": "#0",
					"tintindex": 0
				},
				"south": {
					"uv": [6, 8, 7.4, 9.8],
					"texture": "#1",
					"tintindex": 0
				},
				"west": {
					"uv": [6, 8, 7.4, 9.8],
					"texture": "#1",
					"tintindex": 0
				},
				"up": {
					"uv": [6, 8, 7.4, 9.4],
					"texture": "#1",
					"tintindex": 0
				},
				"down": {
					"uv": [8, 8, 9.4, 9.4],
					"texture": "#1",
					"tintindex": 0
				}
			},
			"rotation": {
				"origin": [8, 8, 8],
				"axis": "y",
				"angle": 45
			},
			"type": "cube"
		},
		{
			"name": "wheel_connection_4",
			"from": [14, 2.5, 7.3],
			"to": [15.4, 4.3, 8.7],
			"faces": {
				"north": {
					"uv": [6, 8, 7.4, 9.8],
					"texture": "#1",
					"tintindex": 0
				},
				"east": {
					"uv": [6, 8, 7.4, 9.8],
					"texture": "#1",
					"tintindex": 0
				},
				"south": {
					"uv": [6, 8, 7.4, 9.8],
					"texture": "#1",
					"tintindex": 0
				},
				"west": {
					"uv": [0, 6, 1.4, 7.8],
					"texture": "#0",
					"tintindex": 0
				},
				"up": {
					"uv": [6, 8, 7.4, 9.4],
					"texture": "#1",
					"tintindex": 0
				},
				"down": {
					"uv": [6, 8, 7.4, 9.4],
					"texture": "#1",
					"tintindex": 0
				}
			},
			"rotation": {
				"origin": [8, 8, 8],
				"axis": "y",
				"angle": 45
			},
			"type": "cube"
		},
		{
			"name": "wheel_5",
			"from": [3.4, 0, 2],
			"to": [4.5, 2.5, 4.5],
			"faces": {
				"north": {"uv": [0, 8, 1, 10], "texture": "#0"},
				"east": {"uv": [0, 8, 2.1, 10.5], "texture": "#0"},
				"south": {"uv": [0, 8, 1, 10], "texture": "#0"},
				"west": {"uv": [0, 8, 2.1, 10.5], "texture": "#0"},
				"up": {"uv": [0, 8, 1, 10], "texture": "#0"},
				"down": {"uv": [0, 8, 1, 10], "texture": "#0"}
			},
			"type": "cube"
		},
		{
			"name": "wheel_6",
			"from": [12.9, 0, 2],
			"to": [14, 2.5, 4.5],
			"faces": {
				"north": {"uv": [0, 8, 1, 10], "texture": "#0"},
				"east": {"uv": [0, 8, 2.1, 10.5], "texture": "#0"},
				"south": {"uv": [0, 8, 1, 10], "texture": "#0"},
				"west": {"uv": [0, 8, 2.1, 10.5], "texture": "#0"},
				"up": {"uv": [0, 8, 1, 10], "texture": "#0"},
				"down": {"uv": [0, 8, 1, 10], "texture": "#0"}
			},
			"type": "cube"
		},
		{
			"name": "wheel_7",
			"from": [12.9, 0, 11.5],
			"to": [14, 2.5, 14],
			"faces": {
				"north": {"uv": [0, 8, 1, 10], "texture": "#0"},
				"east": {"uv": [0, 8, 2.1, 10.5], "texture": "#0"},
				"south": {"uv": [0, 8, 1, 10], "texture": "#0"},
				"west": {"uv": [0, 8, 2.1, 10.5], "texture": "#0"},
				"up": {"uv": [0, 8, 1, 10], "texture": "#0"},
				"down": {"uv": [0, 8, 1, 10], "texture": "#0"}
			},
			"type": "cube"
		},
		{
			"name": "wheel_8",
			"from": [3.4, 0, 11.5],
			"to": [4.5, 2.5, 14],
			"faces": {
				"north": {"uv": [0, 8, 1, 10], "texture": "#0"},
				"east": {"uv": [0, 8, 2.1, 10.5], "texture": "#0"},
				"south": {"uv": [0, 8, 1, 10], "texture": "#0"},
				"west": {"uv": [0, 8, 2.1, 10.5], "texture": "#0"},
				"up": {"uv": [0, 8, 1, 10], "texture": "#0"},
				"down": {"uv": [0, 8, 1, 10], "texture": "#0"}
			},
			"type": "cube"
		},
		{
			"name": "wheel_axel_1",
			"from": [3.1, 0.2, 2.2],
			"to": [3.4, 2.3, 4.3],
			"faces": {
				"north": {"uv": [5, 0, 5.3, 2.1], "texture": "#2"},
				"east": {"uv": [5, 0, 5.3, 2.1], "texture": "#0"},
				"south": {"uv": [5, 0, 5.3, 2.1], "texture": "#2"},
				"west": {"uv": [5, 0, 5.3, 2.1], "texture": "#0"},
				"up": {"uv": [5, 0, 5.3, 2.1], "texture": "#2"},
				"down": {"uv": [5, 0, 5.3, 2.1], "texture": "#2"}
			},
			"type": "cube"
		},
		{
			"name": "wheel_axel_2",
			"from": [12.6, 0.2, 2.2],
			"to": [12.9, 2.3, 4.3],
			"faces": {
				"north": {"uv": [5, 0, 5.3, 2.1], "texture": "#2"},
				"east": {"uv": [5, 0, 5.3, 2.1], "texture": "#0"},
				"south": {"uv": [5, 0, 5.3, 2.1], "texture": "#2"},
				"west": {"uv": [5, 0, 5.3, 2.1], "texture": "#0"},
				"up": {"uv": [5, 0, 5.3, 2.1], "texture": "#2"},
				"down": {"uv": [5, 0, 5.3, 2.1], "texture": "#2"}
			},
			"type": "cube"
		},
		{
			"name": "wheel_axel_3",
			"from": [12.6, 0.2, 11.7],
			"to": [12.9, 2.3, 13.8],
			"faces": {
				"north": {"uv": [5, 0, 5.3, 2.1], "texture": "#2"},
				"east": {"uv": [5, 0, 5.3, 2.1], "texture": "#0"},
				"south": {"uv": [5, 0, 5.3, 2.1], "texture": "#2"},
				"west": {"uv": [5, 0, 5.3, 2.1], "texture": "#0"},
				"up": {"uv": [5, 0, 5.3, 2.1], "texture": "#2"},
				"down": {"uv": [5, 0, 5.3, 2.1], "texture": "#2"}
			},
			"type": "cube"
		},
		{
			"name": "wheel_axel_4",
			"from": [3.1, 0.2, 11.7],
			"to": [3.4, 2.3, 13.8],
			"faces": {
				"north": {"uv": [5, 0, 5.3, 2.1], "texture": "#2"},
				"east": {"uv": [5, 0, 5.3, 2.1], "texture": "#0"},
				"south": {"uv": [5, 0, 5.3, 2.1], "texture": "#2"},
				"west": {"uv": [5, 0, 5.3, 2.1], "texture": "#0"},
				"up": {"uv": [5, 0, 5.3, 2.1], "texture": "#2"},
				"down": {"uv": [5, 0, 5.3, 2.1], "texture": "#2"}
			},
			"type": "cube"
		},
		{
			"name": "seat_1",
			"from": [2.5, 9.5, 5],
			"to": [13.5, 11, 15],
			"faces": {
				"north": {"uv": [0, 0, 11, 1.5], "texture": "#0"},
				"east": {"uv": [5, 0, 11.5, 1.5], "texture": "#0"},
				"south": {"uv": [0, 10, 15, 13], "texture": "#0"},
				"west": {"uv": [5, 0, 11.5, 1.5], "texture": "#0"},
				"up": {"uv": [0, 0, 15, 15], "texture": "#0"},
				"down": {"uv": [0, 0, 15, 11], "texture": "#0"}
			},
			"type": "cube"
		},
		{
			"name": "seat_2",
			"from": [2.5, 12, 2.6],
			"to": [13.5, 26, 4.1],
			"faces": {
				"north": {"uv": [0, 0, 15, 15], "texture": "#0"},
				"east": {"uv": [10, 0, 11.5, 8], "texture": "#0"},
				"south": {"uv": [0, 0, 15, 15], "texture": "#0"},
				"west": {"uv": [10, 0, 11.5, 8], "texture": "#0"},
				"up": {"uv": [0, 0, 15, 3], "texture": "#0"},
				"down": {"uv": [0, 0, 8, 1.5], "texture": "#0"}
			},
			"type": "cube"
		},
		{
			"name": "trim_1",
			"from": [1.5, 10, 5.4],
			"to": [2.5, 11.5, 13],
			"faces": {
				"north": {
					"uv": [0, 0, 1, 1.5],
					"texture": "#0",
					"tintindex": 1
				},
				"east": {
					"uv": [6, 3, 10.6, 4.5],
					"texture": "#1",
					"tintindex": 1
				},
				"south": {
					"uv": [11.5, 0, 16, 15.7],
					"texture": "#0",
					"tintindex": 1
				},
				"west": {
					"uv": [10, 12, 14.6, 13.5],
					"texture": "#1",
					"tintindex": 1
				},
				"up": {
					"uv": [8, 0, 9, 7.6],
					"texture": "#1",
					"tintindex": 1
				},
				"down": {
					"uv": [7, 0, 8, 7.6],
					"texture": "#1",
					"tintindex": 1
				}
			},
			"type": "cube"
		},
		{
			"name": "trim_2",
			"from": [13.5, 10, 5.4],
			"to": [14.5, 11.5, 13],
			"faces": {
				"north": {
					"uv": [0, 0, 1, 1.5],
					"texture": "#0",
					"tintindex": 1
				},
				"east": {
					"uv": [11, 12, 15.6, 13.5],
					"texture": "#1",
					"tintindex": 1
				},
				"south": {
					"uv": [11.5, 0, 16, 15.7],
					"texture": "#0",
					"tintindex": 1
				},
				"west": {
					"uv": [6, 3, 10.6, 4.5],
					"texture": "#1",
					"tintindex": 1
				},
				"up": {
					"uv": [7, 0, 8, 7.6],
					"texture": "#1",
					"tintindex": 1
				},
				"down": {
					"uv": [7, 0, 8, 7.6],
					"texture": "#1",
					"tintindex": 1
				}
			},
			"type": "cube"
		},
		{
			"name": "seat_3",
			"from": [2.5, 9.5, 1.6],
			"to": [13.5, 11, 5],
			"faces": {
				"north": {"uv": [0, 0, 11, 1.5], "texture": "#0"},
				"east": {"uv": [8, 0, 11.4, 1.5], "texture": "#0"},
				"south": {"uv": [5, 0, 11.5, 8], "texture": "#0"},
				"west": {"uv": [8, 0, 11.4, 1.5], "texture": "#0"},
				"up": {"uv": [0, 12, 15, 15], "texture": "#0"},
				"down": {"uv": [0, 12, 15, 15], "texture": "#0"}
			},
			"rotation": {
				"origin": [8, 9.50000000745058, 5],
				"axis": "x",
				"angle": 45
			},
			"type": "cube"
		},
		{
			"name": "arm_rest_5",
			"from": [13.5, 10, 13],
			"to": [14.5, 15, 14.5],
			"faces": {
				"north": {
					"uv": [8, 8, 9, 13],
					"texture": "#1",
					"tintindex": 0
				},
				"east": {
					"uv": [8, 8, 9.5, 13],
					"texture": "#1",
					"tintindex": 0
				},
				"south": {
					"uv": [8, 8, 9, 13],
					"texture": "#1",
					"tintindex": 0
				},
				"west": {
					"uv": [8, 8, 9.5, 13],
					"texture": "#1",
					"tintindex": 0
				},
				"up": {
					"uv": [0, 0, 1, 1.5],
					"texture": "#0",
					"tintindex": 0
				},
				"down": {
					"uv": [0, 0, 1, 1.5],
					"texture": "#1",
					"tintindex": 0
				}
			},
			"type": "cube"
		},
		{
			"name": "arm_rest_6",
			"from": [13.2, 15, 2.8],
			"to": [14.8, 15.5, 15],
			"faces": {
				"north": {"uv": [5, 8, 6, 8.5], "texture": "#0"},
				"east": {"uv": [0, 6, 12.4, 8], "texture": "#0"},
				"south": {"uv": [5, 8, 6, 8.5], "texture": "#0"},
				"west": {
					"uv": [-1, 6.5, 11.4, 8.5],
					"texture": "#0"
				},
				"up": {"uv": [6, 0, 10.5, 16], "texture": "#0"},
				"down": {"uv": [7, 0, 11.5, 16], "texture": "#0"}
			},
			"type": "cube"
		},
		{
			"name": "trim_3",
			"from": [1.5, 12.3, 3.1],
			"to": [2.5, 26, 4.6],
			"faces": {
				"north": {
					"uv": [0, 8, 1, 15.7],
					"texture": "#1",
					"tintindex": 1
				},
				"east": {
					"uv": [11.5, 0, 13, 13.7],
					"texture": "#0",
					"tintindex": 1
				},
				"south": {
					"uv": [0, 8, 1, 15.7],
					"texture": "#1",
					"tintindex": 1
				},
				"west": {
					"uv": [0, 8, 1.5, 15.7],
					"texture": "#1",
					"tintindex": 1
				},
				"up": {
					"uv": [7, 3, 9, 5.5],
					"texture": "#1",
					"tintindex": 1
				},
				"down": {
					"uv": [0, 0, 1, 1.5],
					"texture": "#0",
					"tintindex": 1
				}
			},
			"type": "cube"
		},
		{
			"name": "trim_4",
			"from": [13.5, 12.3, 3.1],
			"to": [14.5, 26, 4.6],
			"faces": {
				"north": {
					"uv": [0, 8, 1, 15.7],
					"texture": "#1",
					"tintindex": 1
				},
				"east": {
					"uv": [0, 8, 1.5, 15.7],
					"texture": "#1",
					"tintindex": 1
				},
				"south": {
					"uv": [0, 8, 1, 15.7],
					"texture": "#1",
					"tintindex": 1
				},
				"west": {
					"uv": [14.5, 0, 16, 13.7],
					"texture": "#0",
					"tintindex": 1
				},
				"up": {
					"uv": [7, 3, 9, 5.5],
					"texture": "#1",
					"tintindex": 1
				},
				"down": {
					"uv": [0, 0, 1, 1.5],
					"texture": "#0",
					"tintindex": 1
				}
			},
			"type": "cube"
		},
		{
			"name": "trim_5",
			"from": [13.5, 10, 2.1],
			"to": [14.5, 11.5, 5.4],
			"faces": {
				"north": {
					"uv": [0, 0, 1, 1.5],
					"texture": "#0",
					"tintindex": 1
				},
				"east": {
					"uv": [6, 3, 9.3, 4.5],
					"texture": "#1",
					"tintindex": 1
				},
				"south": {
					"uv": [11.5, 0, 16, 15.7],
					"texture": "#0",
					"tintindex": 1
				},
				"west": {
					"uv": [12.5, 0, 15.8, 1.5],
					"texture": "#0",
					"tintindex": 1
				},
				"up": {
					"uv": [14, 12, 15, 15.3],
					"texture": "#1",
					"tintindex": 1
				},
				"down": {
					"uv": [7, 8, 8, 11.3],
					"texture": "#1",
					"tintindex": 1
				}
			},
			"rotation": {
				"origin": [
					13,
					10.000000014901161,
					5.399999976158142
				],
				"axis": "x",
				"angle": 45
			},
			"type": "cube"
		},
		{
			"name": "trim_6",
			"from": [1.5, 10, 2.1],
			"to": [2.5, 11.5, 5.4],
			"faces": {
				"north": {
					"uv": [0, 0, 1, 1.5],
					"texture": "#0",
					"tintindex": 1
				},
				"east": {
					"uv": [12.5, 0, 15.8, 1.5],
					"texture": "#0",
					"tintindex": 1
				},
				"south": {
					"uv": [11.5, 0, 16, 15.7],
					"texture": "#0",
					"tintindex": 1
				},
				"west": {
					"uv": [6, 3, 9.3, 4.5],
					"texture": "#1",
					"tintindex": 1
				},
				"up": {
					"uv": [14, 12, 15, 15.3],
					"texture": "#1",
					"tintindex": 1
				},
				"down": {
					"uv": [7, 8, 8, 11.3],
					"texture": "#1",
					"tintindex": 1
				}
			},
			"rotation": {
				"origin": [
					13,
					10.000000014901161,
					5.399999976158142
				],
				"axis": "x",
				"angle": 45
			},
			"type": "cube"
		},
		{
			"name": "pillow",
			"from": [5, 22, 4],
			"to": [11, 25.4, 4.5],
			"faces": {
				"north": {
					"uv": [0, 0, 6, 3.4],
					"texture": "#0",
					"tintindex": 1
				},
				"east": {
					"uv": [10, 3, 10.5, 6.4],
					"texture": "#1",
					"tintindex": 1
				},
				"south": {"uv": [5, 2, 11, 6], "texture": "#1"},
				"west": {
					"uv": [4, 3, 4.5, 6.4],
					"texture": "#1",
					"tintindex": 1
				},
				"up": {
					"uv": [6, 1, 10.5, 1.5],
					"texture": "#1",
					"tintindex": 1
				},
				"down": {
					"uv": [6, 6, 10.5, 6.5],
					"texture": "#1",
					"tintindex": 1
				}
			},
			"type": "cube"
		},
		{
			"name": "arm_rest_1",
			"from": [1.5, 10, 13],
			"to": [2.5, 15, 14.5],
			"faces": {
				"north": {
					"uv": [8, 8, 9, 13],
					"texture": "#1",
					"tintindex": 0
				},
				"east": {
					"uv": [8, 8, 9.5, 13],
					"texture": "#1",
					"tintindex": 0
				},
				"south": {
					"uv": [8, 8, 9, 13],
					"texture": "#1",
					"tintindex": 0
				},
				"west": {
					"uv": [8, 8, 9.5, 13],
					"texture": "#1",
					"tintindex": 0
				},
				"up": {
					"uv": [0, 0, 1, 1.5],
					"texture": "#0",
					"tintindex": 0
				},
				"down": {
					"uv": [0, 0, 1, 1.5],
					"texture": "#1",
					"tintindex": 0
				}
			},
			"type": "cube"
		},
		{
			"name": "arm_rest_2",
			"from": [1.2, 15, 2.8000000000000007],
			"to": [2.8, 15.5, 15],
			"faces": {
				"north": {"uv": [5, 8, 6, 8.5], "texture": "#0"},
				"east": {
					"uv": [-1, 6.5, 11.4, 8.5],
					"texture": "#0"
				},
				"south": {"uv": [5, 8, 6, 8.5], "texture": "#0"},
				"west": {"uv": [-1, 6, 11.4, 8.5], "texture": "#0"},
				"up": {"uv": [6, 0, 10.5, 16], "texture": "#0"},
				"down": {"uv": [7, 0, 11.5, 16], "texture": "#0"}
			},
			"type": "cube"
		},
		{
			"name": "Cube",
			"from": [6, 9, 6],
			"to": [10, 9.5, 10],
			"faces": {
				"north": {"uv": [5, 8, 9, 8.5], "texture": "#0"},
				"east": {"uv": [5, 8, 9, 8.5], "texture": "#0"},
				"south": {"uv": [5, 8, 9, 8.5], "texture": "#0"},
				"west": {"uv": [5, 8, 9, 8.5], "texture": "#0"},
				"up": {"uv": [5, 8, 9, 12], "texture": "#0"},
				"down": {"uv": [5, 8, 9, 12], "texture": "#0"}
			},
			"type": "cube"
		}
	],
	"display": {
		"gui": {
			"rotation": [30, 45, 0],
			"translation": [0, -1.5, 0],
			"scale": [0.45, 0.45, 0.45]
		},
		"ground": {
			"rotation": [0, 0, 0],
			"translation": [0, 3, 0],
			"scale": [0.25, 0.25, 0.25]
		},
		"fixed": {
			"rotation": [0, 0, 0],
			"translation": [0, 0, 0],
			"scale": [0.5, 0.5, 0.5]
		},
		"thirdperson_righthand": {
			"rotation": [75, 45, 0],
			"translation": [0, 2.5, 0],
			"scale": [0.375, 0.375, 0.375]
		},
		"thirdperson_lefthand": {
			"rotation": [75, 255, 0],
			"translation": [0, 2.5, 0],
			"scale": [0.375, 0.375, 0.375]
		},
		"firstperson_righthand": {
			"rotation": [0, 45, 0],
			"translation": [0, 2.5, 0],
			"scale": [0.4, 0.4, 0.4]
		},
		"firstperson_lefthand": {
			"rotation": [0, 225, 0],
			"translation": [0, 2.5, 0],
			"scale": [0.4, 0.4, 0.4]
		}
	}
}