{
	"credit": "Made with Blockbench, a free, modern block model editor by JannisX11",
	"textures": {
		"particle": "#0"
	},
	"elements": [
		{
			"name": "wheel_1",
			"from": [2, 0, 2],
			"to": [3.1, 2.5, 4.5],
			"faces": {
				"north": {"uv": [0, 8, 1, 10], "texture": "#0"},
				"east": {"uv": [0, 8, 2.1, 10.5], "texture": "#0"},
				"south": {"uv": [0, 8, 1, 10], "texture": "#0"},
				"west": {"uv": [0, 8, 2.1, 10.5], "texture": "#0"},
				"up": {"uv": [0, 8, 1, 10], "texture": "#0"},
				"down": {"uv": [0, 8, 1, 10], "texture": "#0"}
			},
			"type": "cube"
		},
		{
			"name": "wheel_2",
			"from": [11.5, 0, 2],
			"to": [12.6, 2.5, 4.5],
			"faces": {
				"north": {"uv": [0, 8, 1, 10], "texture": "#0"},
				"east": {"uv": [0, 8, 2.1, 10.5], "texture": "#0"},
				"south": {"uv": [0, 8, 1, 10], "texture": "#0"},
				"west": {"uv": [0, 8, 2.1, 10.5], "texture": "#0"},
				"up": {"uv": [0, 8, 1, 10], "texture": "#0"},
				"down": {"uv": [0, 8, 1, 10], "texture": "#0"}
			},
			"type": "cube"
		},
		{
			"name": "wheel_3",
			"from": [11.5, 0, 11.5],
			"to": [12.6, 2.5, 14],
			"faces": {
				"north": {"uv": [0, 8, 1, 10], "texture": "#0"},
				"east": {"uv": [0, 8, 2.1, 10.5], "texture": "#0"},
				"south": {"uv": [0, 8, 1, 10], "texture": "#0"},
				"west": {"uv": [0, 8, 2.1, 10.5], "texture": "#0"},
				"up": {"uv": [0, 8, 1, 10], "texture": "#0"},
				"down": {"uv": [0, 8, 1, 10], "texture": "#0"}
			},
			"type": "cube"
		},
		{
			"name": "wheel_4",
			"from": [2, 0, 11.5],
			"to": [3.1, 2.5, 14],
			"faces": {
				"north": {"uv": [0, 8, 1, 10], "texture": "#0"},
				"east": {"uv": [0, 8, 2.1, 10.5], "texture": "#0"},
				"south": {"uv": [0, 8, 1, 10], "texture": "#0"},
				"west": {"uv": [0, 8, 2.1, 10.5], "texture": "#0"},
				"up": {"uv": [0, 8, 1, 10], "texture": "#0"},
				"down": {"uv": [0, 8, 1, 10], "texture": "#0"}
			},
			"type": "cube"
		},
		{
			"name": "legs_1",
			"from": [2, 2.5, 7],
			"to": [14, 4.5, 9],
			"faces": {
				"north": {"uv": [0, 6, 5, 8], "texture": "#0"},
				"east": {"uv": [0, 6, 2, 8], "texture": "#0"},
				"south": {"uv": [0, 6, 5, 8], "texture": "#0"},
				"west": {"uv": [0, 6, 2, 8], "texture": "#0"},
				"up": {"uv": [0, 0, 5, 2], "texture": "#0"},
				"down": {"uv": [0, 0, 5, 2], "texture": "#0"}
			},
			"rotation": {
				"origin": [8, 8, 8],
				"axis": "y",
				"angle": -45
			},
			"type": "cube"
		},
		{
			"name": "legs_2",
			"from": [2, 2.5, 7],
			"to": [14, 4.5, 9],
			"faces": {
				"north": {"uv": [0, 6, 5, 8], "texture": "#0"},
				"east": {"uv": [0, 6, 2, 8], "texture": "#0"},
				"south": {"uv": [0, 6, 5, 8], "texture": "#0"},
				"west": {"uv": [0, 6, 2, 8], "texture": "#0"},
				"up": {"uv": [0, 0, 5, 2], "texture": "#0"},
				"down": {"uv": [0, 0, 5, 2], "texture": "#0"}
			},
			"rotation": {
				"origin": [8, 8, 8],
				"axis": "y",
				"angle": 45
			},
			"type": "cube"
		},
		{
			"name": "legs_3",
			"from": [7, 4.5, 7],
			"to": [9, 9.5, 9],
			"faces": {
				"north": {"uv": [0, 0, 2, 5], "texture": "#0"},
				"east": {"uv": [0, 0, 2, 5], "texture": "#0"},
				"south": {"uv": [0, 0, 2, 5], "texture": "#0"},
				"west": {"uv": [0, 0, 2, 5], "texture": "#0"},
				"up": {"uv": [0, 0, 2, 2], "texture": "#0"},
				"down": {"uv": [0, 0, 2, 2], "texture": "#0"}
			},
			"type": "cube"
		},
		{
			"name": "wheel_connection_1",
			"from": [14, 2.5, 7.3],
			"to": [15.4, 4.3, 8.7],
			"faces": {
				"north": {"uv": [0, 6, 1.4, 7.8], "texture": "#0"},
				"east": {"uv": [0, 6, 1.4, 7.8], "texture": "#0"},
				"south": {"uv": [0, 6, 1.4, 7.8], "texture": "#0"},
				"west": {"uv": [0, 6, 1.4, 7.8], "texture": "#0"},
				"up": {"uv": [0, 0, 1.4, 1.4], "texture": "#0"},
				"down": {"uv": [0, 0, 1.4, 1.4], "texture": "#0"}
			},
			"rotation": {
				"origin": [8, 8, 8],
				"axis": "y",
				"angle": -45
			},
			"type": "cube"
		},
		{
			"name": "wheel_connection_2",
			"from": [0.6, 2.5, 7.3],
			"to": [2, 4.3, 8.7],
			"faces": {
				"north": {"uv": [0, 6, 1.4, 7.8], "texture": "#0"},
				"east": {"uv": [0, 6, 1.4, 7.8], "texture": "#0"},
				"south": {"uv": [0, 6, 1.4, 7.8], "texture": "#0"},
				"west": {"uv": [0, 6, 1.4, 7.8], "texture": "#0"},
				"up": {"uv": [0, 0, 1.4, 1.4], "texture": "#0"},
				"down": {"uv": [0, 0, 1.4, 1.4], "texture": "#0"}
			},
			"rotation": {
				"origin": [8, 8, 8],
				"axis": "y",
				"angle": -45
			},
			"type": "cube"
		},
		{
			"name": "wheel_connection_3",
			"from": [0.6, 2.5, 7.3],
			"to": [2, 4.3, 8.7],
			"faces": {
				"north": {"uv": [0, 6, 1.4, 7.8], "texture": "#0"},
				"east": {"uv": [0, 6, 1.4, 7.8], "texture": "#0"},
				"south": {"uv": [0, 6, 1.4, 7.8], "texture": "#0"},
				"west": {"uv": [0, 6, 1.4, 7.8], "texture": "#0"},
				"up": {"uv": [0, 0, 1.4, 1.4], "texture": "#0"},
				"down": {"uv": [0, 0, 1.4, 1.4], "texture": "#0"}
			},
			"rotation": {
				"origin": [8, 8, 8],
				"axis": "y",
				"angle": 45
			},
			"type": "cube"
		},
		{
			"name": "wheel_connection_4",
			"from": [14, 2.5, 7.3],
			"to": [15.4, 4.3, 8.7],
			"faces": {
				"north": {"uv": [0, 6, 1.4, 7.8], "texture": "#0"},
				"east": {"uv": [0, 6, 1.4, 7.8], "texture": "#0"},
				"south": {"uv": [0, 6, 1.4, 7.8], "texture": "#0"},
				"west": {"uv": [0, 6, 1.4, 7.8], "texture": "#0"},
				"up": {"uv": [0, 0, 1.4, 1.4], "texture": "#0"},
				"down": {"uv": [0, 0, 1.4, 1.4], "texture": "#0"}
			},
			"rotation": {
				"origin": [8, 8, 8],
				"axis": "y",
				"angle": 45
			},
			"type": "cube"
		},
		{
			"name": "wheel_5",
			"from": [3.4, 0, 2],
			"to": [4.5, 2.5, 4.5],
			"faces": {
				"north": {"uv": [0, 8, 1, 10], "texture": "#0"},
				"east": {"uv": [0, 8, 2.1, 10.5], "texture": "#0"},
				"south": {"uv": [0, 8, 1, 10], "texture": "#0"},
				"west": {"uv": [0, 8, 2.1, 10.5], "texture": "#0"},
				"up": {"uv": [0, 8, 1, 10], "texture": "#0"},
				"down": {"uv": [0, 8, 1, 10], "texture": "#0"}
			},
			"type": "cube"
		},
		{
			"name": "wheel_6",
			"from": [12.9, 0, 2],
			"to": [14, 2.5, 4.5],
			"faces": {
				"north": {"uv": [0, 8, 1, 10], "texture": "#0"},
				"east": {"uv": [0, 8, 2.1, 10.5], "texture": "#0"},
				"south": {"uv": [0, 8, 1, 10], "texture": "#0"},
				"west": {"uv": [0, 8, 2.1, 10.5], "texture": "#0"},
				"up": {"uv": [0, 8, 1, 10], "texture": "#0"},
				"down": {"uv": [0, 8, 1, 10], "texture": "#0"}
			},
			"type": "cube"
		},
		{
			"name": "wheel_7",
			"from": [12.9, 0, 11.5],
			"to": [14, 2.5, 14],
			"faces": {
				"north": {"uv": [0, 8, 1, 10], "texture": "#0"},
				"east": {"uv": [0, 8, 2.1, 10.5], "texture": "#0"},
				"south": {"uv": [0, 8, 1, 10], "texture": "#0"},
				"west": {"uv": [0, 8, 2.1, 10.5], "texture": "#0"},
				"up": {"uv": [0, 8, 1, 10], "texture": "#0"},
				"down": {"uv": [0, 8, 1, 10], "texture": "#0"}
			},
			"type": "cube"
		},
		{
			"name": "wheel_8",
			"from": [3.4, 0, 11.5],
			"to": [4.5, 2.5, 14],
			"faces": {
				"north": {"uv": [0, 8, 1, 10], "texture": "#0"},
				"east": {"uv": [0, 8, 2.1, 10.5], "texture": "#0"},
				"south": {"uv": [0, 8, 1, 10], "texture": "#0"},
				"west": {"uv": [0, 8, 2.1, 10.5], "texture": "#0"},
				"up": {"uv": [0, 8, 1, 10], "texture": "#0"},
				"down": {"uv": [0, 8, 1, 10], "texture": "#0"}
			},
			"type": "cube"
		},
		{
			"name": "wheel_axel_1",
			"from": [3.1, 0.2, 2.2],
			"to": [3.4, 2.3, 4.3],
			"faces": {
				"north": {"uv": [5, 0, 5.3, 2.1], "texture": "#0"},
				"east": {"uv": [5, 0, 5.3, 2.1], "texture": "#0"},
				"south": {"uv": [5, 0, 5.3, 2.1], "texture": "#0"},
				"west": {"uv": [5, 0, 5.3, 2.1], "texture": "#0"},
				"up": {"uv": [5, 0, 5.3, 2.1], "texture": "#0"},
				"down": {"uv": [5, 0, 5.3, 2.1], "texture": "#0"}
			},
			"type": "cube"
		},
		{
			"name": "wheel_axel_2",
			"from": [12.6, 0.2, 2.2],
			"to": [12.9, 2.3, 4.3],
			"faces": {
				"north": {"uv": [5, 0, 5.3, 2.1], "texture": "#0"},
				"east": {"uv": [5, 0, 5.3, 2.1], "texture": "#0"},
				"south": {"uv": [5, 0, 5.3, 2.1], "texture": "#0"},
				"west": {"uv": [5, 0, 5.3, 2.1], "texture": "#0"},
				"up": {"uv": [5, 0, 5.3, 2.1], "texture": "#0"},
				"down": {"uv": [5, 0, 5.3, 2.1], "texture": "#0"}
			},
			"type": "cube"
		},
		{
			"name": "wheel_axel_3",
			"from": [12.6, 0.2, 11.7],
			"to": [12.9, 2.3, 13.8],
			"faces": {
				"north": {"uv": [5, 0, 5.3, 2.1], "texture": "#0"},
				"east": {"uv": [5, 0, 5.3, 2.1], "texture": "#0"},
				"south": {"uv": [5, 0, 5.3, 2.1], "texture": "#0"},
				"west": {"uv": [5, 0, 5.3, 2.1], "texture": "#0"},
				"up": {"uv": [5, 0, 5.3, 2.1], "texture": "#0"},
				"down": {"uv": [5, 0, 5.3, 2.1], "texture": "#0"}
			},
			"type": "cube"
		},
		{
			"name": "wheel_axel_4",
			"from": [3.1, 0.2, 11.7],
			"to": [3.4, 2.3, 13.8],
			"faces": {
				"north": {"uv": [5, 0, 5.3, 2.1], "texture": "#0"},
				"east": {"uv": [5, 0, 5.3, 2.1], "texture": "#0"},
				"south": {"uv": [5, 0, 5.3, 2.1], "texture": "#0"},
				"west": {"uv": [5, 0, 5.3, 2.1], "texture": "#0"},
				"up": {"uv": [5, 0, 5.3, 2.1], "texture": "#0"},
				"down": {"uv": [5, 0, 5.3, 2.1], "texture": "#0"}
			},
			"type": "cube"
		}
	],
	"display": {
		"gui": {
			"rotation": [30, 45, 0],
			"translation": [0, -1.5, 0],
			"scale": [0.45, 0.45, 0.45]
		},
		"ground": {
			"rotation": [0, 0, 0],
			"translation": [0, 3, 0],
			"scale": [0.25, 0.25, 0.25]
		},
		"fixed": {
			"rotation": [0, 0, 0],
			"translation": [0, 0, 0],
			"scale": [0.5, 0.5, 0.5]
		},
		"thirdperson_righthand": {
			"rotation": [75, 45, 0],
			"translation": [0, 2.5, 0],
			"scale": [0.375, 0.375, 0.375]
		},
		"thirdperson_lefthand": {
			"rotation": [75, 255, 0],
			"translation": [0, 2.5, 0],
			"scale": [0.375, 0.375, 0.375]
		},
		"firstperson_righthand": {
			"rotation": [0, 45, 0],
			"translation": [0, 2.5, 0],
			"scale": [0.4, 0.4, 0.4]
		},
		"firstperson_lefthand": {
			"rotation": [0, 225, 0],
			"translation": [0, 2.5, 0],
			"scale": [0.4, 0.4, 0.4]
		}
	}
}