{
	"credit": "Made with Blockbench, a free, modern block model editor by JannisX11",
	"ambientocclusion": false,
	"elements": [
		{
			"name": "cube",
			"from": [9.4, 13, 15.4],
			"to": [9.65, 16, 15.65],
			"faces": {
				"north": {
					"uv": [0, 0, 0.25, 3],
					"texture": "#0"
				},
				"east": {
					"uv": [0, 0, 0.25, 3],
					"texture": "#0"
				},
				"south": {
					"uv": [0, 0, 0.25, 3],
					"texture": "#0"
				},
				"west": {
					"uv": [0, 0, 0.25, 3],
					"texture": "#0"
				},
				"up": {
					"uv": [0, 0, 0.25, 0.25],
					"texture": "#0"
				},
				"down": {
					"uv": [0, 0, 0.25, 0.25],
					"texture": "#0"
				}
			},
			"type": "cube"
		},
		{
			"name": "cube",
			"from": [9.4, 13, 0.4],
			"to": [9.65, 16, 0.65],
			"faces": {
				"north": {
					"uv": [0, 0, 0.25, 3],
					"texture": "#0"
				},
				"east": {
					"uv": [0, 0, 0.25, 3],
					"texture": "#0"
				},
				"south": {
					"uv": [0, 0, 0.25, 3],
					"texture": "#0"
				},
				"west": {
					"uv": [0, 0, 0.25, 3],
					"texture": "#0"
				},
				"up": {
					"uv": [0, 0, 0.25, 0.25],
					"texture": "#0"
				},
				"down": {
					"uv": [0, 0, 0.25, 0.25],
					"texture": "#0"
				}
			},
			"type": "cube"
		},
		{
			"name": "cube",
			"from": [6.4, 13, 15.4],
			"to": [6.65, 16, 15.65],
			"faces": {
				"north": {
					"uv": [0, 0, 0.25, 3],
					"texture": "#0"
				},
				"east": {
					"uv": [0, 0, 0.25, 3],
					"texture": "#0"
				},
				"south": {
					"uv": [0, 0, 0.25, 3],
					"texture": "#0"
				},
				"west": {
					"uv": [0, 0, 0.25, 3],
					"texture": "#0"
				},
				"up": {
					"uv": [0, 0, 0.25, 0.25],
					"texture": "#0"
				},
				"down": {
					"uv": [0, 0, 0.25, 0.25],
					"texture": "#0"
				}
			},
			"type": "cube"
		},
		{
			"name": "cube",
			"from": [6.4, 13, 0.4],
			"to": [6.65, 16, 0.65],
			"faces": {
				"north": {
					"uv": [0, 0, 0.25, 3],
					"texture": "#0"
				},
				"east": {
					"uv": [0, 0, 0.25, 3],
					"texture": "#0"
				},
				"south": {
					"uv": [0, 0, 0.25, 3],
					"texture": "#0"
				},
				"west": {
					"uv": [0, 0, 0.25, 3],
					"texture": "#0"
				},
				"up": {
					"uv": [0, 0, 0.25, 0.25],
					"texture": "#0"
				},
				"down": {
					"uv": [0, 0, 0.25, 0.25],
					"texture": "#0"
				}
			},
			"type": "cube"
		},
		{
			"name": "cube",
			"from": [6.25, 12.25, 0.25],
			"to": [9.75, 12.5, 15.75],
			"faces": {
				"north": {
					"uv": [0, 0, 3.5, 0.25],
					"texture": "#0"
				},
				"east": {
					"uv": [0, 0, 15.5, 0.25],
					"texture": "#0"
				},
				"south": {
					"uv": [0, 0, 3.5, 0.25],
					"texture": "#0"
				},
				"west": {
					"uv": [0, 0, 15.5, 0.25],
					"texture": "#0"
				},
				"up": {
					"uv": [0, 0, 3.5, 15.5],
					"texture": "#0"
				},
				"down": {
					"uv": [0, 0, 3.5, 15.5],
					"texture": "#0"
				}
			},
			"type": "cube"
		},
		{
			"name": "cube",
			"from": [6, 12.5, 0],
			"to": [10, 13, 16],
			"faces": {
				"north": {
					"uv": [0, 0, 4, 0.5],
					"texture": "#0"
				},
				"east": {
					"uv": [0, 0, 16, 0.5],
					"texture": "#0"
				},
				"south": {
					"uv": [0, 0, 4, 0.5],
					"texture": "#0"
				},
				"west": {
					"uv": [0, 0, 16, 0.5],
					"texture": "#0"
				},
				"up": {"uv": [0, 0, 4, 16], "texture": "#0"},
				"down": {"uv": [0, 0, 4, 16], "texture": "#0"}
			},
			"type": "cube"
		}
	],
	"display": {}
}