{
	"credit": "Made with MrCrayfish's Model Creator, position made with BlockBench",
	"textures": {
		"0": "blocks/concrete_black",
		"1": "hgm:items/wii_u",
		"2": "blocks/coal_block"
	},
	"elements": [
		{
			"name": "Cube",
			"from": [1, 0, 6.999999985098839],
			"to": [15, 9, 7.999999985098839],
			"faces": {
				"north": {"uv": [0, 0, 14, 9], "texture": "#0"},
				"east": {"uv": [0, 0, 1, 9], "texture": "#0"},
				"south": {"uv": [0, 0, 14, 9], "texture": "#0"},
				"west": {"uv": [0, 0, 1, 9], "texture": "#0"},
				"up": {"uv": [0, 0, 14, 1], "texture": "#0"},
				"down": {"uv": [0, 0, 14, 1], "texture": "#0"}
			}
		},
		{
			"name": "Cube",
			"from": [1, 0, 8],
			"to": [2, 9, 9],
			"faces": {
				"north": {"uv": [0, 0, 1, 9], "texture": "#0"},
				"east": {"uv": [0, 0, 1, 9], "texture": "#0"},
				"south": {"uv": [0, 0, 1, 9], "texture": "#0"},
				"west": {"uv": [0, 0, 1, 9], "texture": "#0"},
				"up": {"uv": [0, 0, 1, 1], "texture": "#0"},
				"down": {"uv": [0, 0, 1, 1], "texture": "#0"}
			}
		},
		{
			"name": "Cube",
			"from": [14, 0, 8],
			"to": [15, 9, 9],
			"faces": {
				"north": {"uv": [0, 0, 1, 9], "texture": "#0"},
				"east": {"uv": [0, 0, 1, 9], "texture": "#0"},
				"south": {"uv": [0, 0, 1, 9], "texture": "#0"},
				"west": {"uv": [0, 0, 1, 9], "texture": "#0"},
				"up": {"uv": [0, 0, 1, 1], "texture": "#0"},
				"down": {"uv": [0, 0, 1, 1], "texture": "#0"}
			}
		},
		{
			"name": "Cube",
			"from": [2, 0, 8],
			"to": [14, 1, 9],
			"faces": {
				"north": {"uv": [0, 0, 12, 1], "texture": "#0"},
				"east": {"uv": [0, 0, 1, 1], "texture": "#0"},
				"south": {"uv": [0, 0, 12, 1], "texture": "#0"},
				"west": {"uv": [0, 0, 1, 1], "texture": "#0"},
				"up": {"uv": [0, 0, 12, 1], "texture": "#0"},
				"down": {"uv": [0, 0, 12, 1], "texture": "#0"}
			}
		},
		{
			"name": "Cube",
			"from": [2, 8, 8],
			"to": [14, 9, 9],
			"faces": {
				"north": {"uv": [0, 0, 12, 1], "texture": "#0"},
				"east": {"uv": [0, 0, 1, 1], "texture": "#0"},
				"south": {"uv": [0, 0, 12, 1], "texture": "#0"},
				"west": {"uv": [0, 0, 1, 1], "texture": "#0"},
				"up": {"uv": [0, 0, 12, 1], "texture": "#0"},
				"down": {"uv": [0, 0, 12, 1], "texture": "#0"}
			}
		},
		{
			"name": "Cube",
			"from": [2, 1, 8.799999997019768],
			"to": [14, 8, 8.799999997019768],
			"faces": {
				"south": {"uv": [0, 0, 12, 7], "texture": "#1"}
			}
		},
		{
			"name": "Cube",
			"from": [0, 1, 7],
			"to": [1, 8, 9],
			"faces": {
				"north": {"uv": [0, 0, 1, 7], "texture": "#0"},
				"east": {"uv": [0, 0, 2, 7], "texture": "#0"},
				"south": {"uv": [0, 0, 1, 7], "texture": "#0"},
				"west": {"uv": [0, 0, 2, 7], "texture": "#0"},
				"up": {"uv": [0, 0, 1, 2], "texture": "#0"},
				"down": {"uv": [0, 0, 1, 2], "texture": "#0"}
			}
		},
		{
			"name": "Cube",
			"from": [15, 1, 7],
			"to": [16, 8, 9],
			"faces": {
				"north": {"uv": [0, 0, 1, 7], "texture": "#0"},
				"east": {"uv": [0, 0, 2, 7], "texture": "#0"},
				"south": {"uv": [0, 0, 1, 7], "texture": "#0"},
				"west": {"uv": [0, 0, 2, 7], "texture": "#0"},
				"up": {"uv": [0, 0, 0, 2], "texture": "#0"},
				"down": {"uv": [0, 0, 1, 2], "texture": "#0"}
			}
		},
		{
			"name": "Cube",
			"from": [0.4999999925494194, 6, 8.49999999254942],
			"to": [1.4999999925494194, 7, 9.49999999254942],
			"faces": {
				"north": {"uv": [0, 0, 4, 4], "texture": "#2"},
				"east": {"uv": [0, 0, 4, 4], "texture": "#2"},
				"south": {"uv": [0, 0, 4, 4], "texture": "#2"},
				"west": {"uv": [0, 0, 4, 4], "texture": "#2"},
				"up": {"uv": [0, 0, 4, 4], "texture": "#2"},
				"down": {"uv": [0, 0, 4, 4], "texture": "#2"}
			}
		},
		{
			"name": "Cube",
			"from": [14.49999999254942, 6, 8.49999999254942],
			"to": [15.49999999254942, 7, 9.49999999254942],
			"faces": {
				"north": {"uv": [0, 0, 4, 4], "texture": "#2"},
				"east": {"uv": [0, 0, 4, 4], "texture": "#2"},
				"south": {"uv": [0, 0, 4, 4], "texture": "#2"},
				"west": {"uv": [0, 0, 4, 4], "texture": "#2"},
				"up": {"uv": [0, 0, 4, 4], "texture": "#2"},
				"down": {"uv": [0, 0, 4, 4], "texture": "#2"}
			}
		},
		{
			"name": "Cube",
			"from": [14.699999995529652, 5.000000014901161, 9],
			"to": [15.299999989569187, 5.600000008940697, 9.2],
			"faces": {
				"north": {
					"uv": [
						0,
						0,
						0.5999999940395355,
						0.5999999940395355
					],
					"texture": "#0"
				},
				"east": {
					"uv": [0, 0, 1, 0.5999999940395355],
					"texture": "#0"
				},
				"south": {
					"uv": [
						2,
						7,
						2.5999999940395355,
						7.5999999940395355
					],
					"texture": "#1"
				},
				"west": {
					"uv": [0, 0, 1, 0.5999999940395355],
					"texture": "#0"
				},
				"up": {
					"uv": [0, 0, 0.5999999940395355, 1],
					"texture": "#0"
				},
				"down": {
					"uv": [0, 0, 0.5999999940395355, 1],
					"texture": "#0"
				}
			}
		},
		{
			"name": "Cube",
			"from": [15.300000004470348, 4.300000004470348, 9],
			"to": [15.899999998509884, 4.899999998509884, 9.2],
			"faces": {
				"north": {
					"uv": [
						0,
						0,
						0.5999999940395355,
						0.5999999940395355
					],
					"texture": "#0"
				},
				"east": {
					"uv": [0, 0, 1, 0.5999999940395355],
					"texture": "#0"
				},
				"south": {
					"uv": [
						0,
						7,
						0.5999999940395355,
						7.5999999940395355
					],
					"texture": "#1"
				},
				"west": {
					"uv": [0, 0, 1, 0.5999999940395355],
					"texture": "#0"
				},
				"up": {
					"uv": [0, 0, 0.5999999940395355, 1],
					"texture": "#0"
				},
				"down": {
					"uv": [0, 0, 0.5999999940395355, 1],
					"texture": "#0"
				}
			}
		},
		{
			"name": "Cube",
			"from": [14.099999986588955, 4.300000004470348, 9],
			"to": [14.69999998062849, 4.899999998509884, 9.2],
			"faces": {
				"north": {
					"uv": [
						0,
						0,
						0.5999999940395355,
						0.5999999940395355
					],
					"texture": "#0"
				},
				"east": {
					"uv": [0, 0, 1, 0.5999999940395355],
					"texture": "#0"
				},
				"south": {
					"uv": [
						3,
						7,
						3.5999999940395355,
						7.5999999940395355
					],
					"texture": "#1"
				},
				"west": {
					"uv": [0, 0, -3, 0.5999999940395355],
					"texture": "#0"
				},
				"up": {
					"uv": [0, 0, 3.5999999940395355, 1],
					"texture": "#0"
				},
				"down": {
					"uv": [0, 0, 0.5999999940395355, 1],
					"texture": "#0"
				}
			}
		},
		{
			"name": "Cube",
			"from": [14.699999995529652, 3.5999999940395355, 9],
			"to": [15.299999989569187, 4.199999988079071, 9.2],
			"faces": {
				"north": {
					"uv": [
						0,
						0,
						0.5999999940395355,
						0.5999999940395355
					],
					"texture": "#0"
				},
				"east": {
					"uv": [0, 0, 1, 0.5999999940395355],
					"texture": "#0"
				},
				"south": {
					"uv": [
						1,
						7,
						1.5999999940395355,
						7.5999999940395355
					],
					"texture": "#1"
				},
				"west": {
					"uv": [0, 0, 1, 0.5999999940395355],
					"texture": "#0"
				},
				"up": {
					"uv": [0, 0, 0.5999999940395355, 1],
					"texture": "#0"
				},
				"down": {
					"uv": [0, 0, 0.5999999940395355, 1],
					"texture": "#0"
				}
			}
		},
		{
			"name": "Cube",
			"from": [0.6999999955296516, 3.600000023841858, 9],
			"to": [1.2999999895691872, 5.600000008940697, 9.2],
			"faces": {
				"north": {
					"uv": [
						0,
						0,
						0.5999999940395355,
						0.5999999940395355
					],
					"texture": "#0"
				},
				"east": {
					"uv": [0, 0, 1, 0.5999999940395355],
					"texture": "#0"
				},
				"south": {
					"uv": [
						7,
						7,
						7.5999999940395355,
						8.599999994039536
					],
					"texture": "#1"
				},
				"west": {
					"uv": [0, 0, 1, 0.5999999940395355],
					"texture": "#0"
				},
				"up": {
					"uv": [0, 0, 0.5999999940395355, 1],
					"texture": "#0"
				},
				"down": {
					"uv": [0, 0, 0.5999999940395355, 1],
					"texture": "#0"
				}
			}
		},
		{
			"name": "Cube",
			"from": [0, 4.300000034272671, 9],
			"to": [2, 4.90000003427267, 9.2],
			"faces": {
				"north": {
					"uv": [
						0,
						0,
						0.5999999940395355,
						0.5999999940395355
					],
					"texture": "#0"
				},
				"east": {
					"uv": [0, 0, 1, 0.5999999940395355],
					"texture": "#0"
				},
				"south": {
					"uv": [
						7,
						7,
						7.5999999940395355,
						8.599999994039536
					],
					"texture": "#1",
					"rotation": 90
				},
				"west": {
					"uv": [0, 0, 1, 0.5999999940395355],
					"texture": "#0"
				},
				"up": {
					"uv": [0, 0, 0.5999999940395355, 1],
					"texture": "#0"
				},
				"down": {
					"uv": [0, 0, 0.5999999940395355, 1],
					"texture": "#0"
				}
			}
		},
		{
			"name": "Cube",
			"from": [14.099999986588955, 2.5999999791383743, 9],
			"to": [14.69999998062849, 3.19999997317791, 9.2],
			"faces": {
				"north": {
					"uv": [
						0,
						0,
						0.5999999940395355,
						0.5999999940395355
					],
					"texture": "#0"
				},
				"east": {
					"uv": [0, 0, 1, 0.5999999940395355],
					"texture": "#0"
				},
				"south": {
					"uv": [
						4,
						7,
						4.5999999940395355,
						7.5999999940395355
					],
					"texture": "#1"
				},
				"west": {
					"uv": [0, 0, 1, 0.5999999940395355],
					"texture": "#0"
				},
				"up": {
					"uv": [0, 0, 0.5999999940395355, 1],
					"texture": "#0"
				},
				"down": {
					"uv": [0, 0, 0.5999999940395355, 1],
					"texture": "#0"
				}
			}
		},
		{
			"name": "Cube",
			"from": [14.099999986588955, 1.7999999672174454, 9],
			"to": [14.69999998062849, 2.399999961256981, 9.2],
			"faces": {
				"north": {
					"uv": [
						0,
						0,
						0.5999999940395355,
						0.5999999940395355
					],
					"texture": "#0"
				},
				"east": {
					"uv": [0, 0, 1, 0.5999999940395355],
					"texture": "#0"
				},
				"south": {
					"uv": [
						5,
						7,
						5.5999999940395355,
						7.5999999940395355
					],
					"texture": "#1"
				},
				"west": {
					"uv": [0, 0, 1, 0.5999999940395355],
					"texture": "#0"
				},
				"up": {
					"uv": [0, 0, 0.5999999940395355, 1],
					"texture": "#0"
				},
				"down": {
					"uv": [0, 0, 0.5999999940395355, 1],
					"texture": "#0"
				}
			}
		},
		{
			"name": "Cube",
			"from": [13.19999997317791, 0.2999999448657036, 9],
			"to": [13.799999967217445, 0.8999999389052391, 9.2],
			"faces": {
				"north": {
					"uv": [
						0,
						0,
						0.5999999940395355,
						0.5999999940395355
					],
					"texture": "#0"
				},
				"east": {
					"uv": [0, 0, 1, 0.5999999940395355],
					"texture": "#0"
				},
				"south": {
					"uv": [
						6,
						7,
						6.5999999940395355,
						7.5999999940395355
					],
					"texture": "#1"
				},
				"west": {
					"uv": [0, 0, 1, 0.5999999940395355],
					"texture": "#0"
				},
				"up": {
					"uv": [0, 0, 0.5999999940395355, 1],
					"texture": "#0"
				},
				"down": {
					"uv": [0, 0, 0.5999999940395355, 1],
					"texture": "#0"
				}
			}
		},
		{
			"name": "Cube",
			"from": [12.099999956786633, 0.2999999448657036, 9],
			"to": [12.699999950826168, 0.8999999389052391, 9.2],
			"faces": {
				"north": {
					"uv": [
						0,
						0,
						0.5999999940395355,
						0.5999999940395355
					],
					"texture": "#0"
				},
				"east": {
					"uv": [0, 0, 1, 0.5999999940395355],
					"texture": "#0"
				},
				"south": {
					"uv": [0, 9, 1.2000000000000002, 10.2],
					"texture": "#1"
				},
				"west": {
					"uv": [0, 0, 1, 0.5999999940395355],
					"texture": "#0"
				},
				"up": {
					"uv": [0, 0, 0.5999999940395355, 1],
					"texture": "#0"
				},
				"down": {
					"uv": [0, 0, 0.5999999940395355, 1],
					"texture": "#0"
				}
			}
		},
		{
			"name": "Cube",
			"from": [7.699999950826168, 0.2999999448657036, 9],
			"to": [8.299999944865704, 0.8999999389052391, 9.2],
			"faces": {
				"north": {
					"uv": [
						0,
						0,
						0.5999999940395355,
						0.5999999940395355
					],
					"texture": "#0"
				},
				"east": {
					"uv": [0, 0, 1, 0.5999999940395355],
					"texture": "#0"
				},
				"south": {"uv": [8, 7, 9.2, 8.2], "texture": "#1"},
				"west": {
					"uv": [0, 0, 1, 0.5999999940395355],
					"texture": "#0"
				},
				"up": {
					"uv": [0, 0, 0.5999999940395355, 1],
					"texture": "#0"
				},
				"down": {
					"uv": [0, 0, 0.5999999940395355, 1],
					"texture": "#0"
				}
			}
		},
		{
			"name": "Cube",
			"from": [2, 0, 9.100000001490116],
			"to": [5, 1, 9.100000001490116],
			"faces": {
				"north": {"uv": [0, 0, 3, 1], "texture": "#-1"},
				"east": {"uv": [0, 0, 0, 1], "texture": "#-1"},
				"south": {"uv": [8, 9, 11, 10], "texture": "#1"},
				"west": {"uv": [0, 0, 0, 1], "texture": "#-1"},
				"up": {"uv": [0, 0, 3, 0], "texture": "#-1"},
				"down": {"uv": [0, 0, 3, 0], "texture": "#-1"}
			}
		},
		{
			"name": "Cube",
			"from": [1, 9, 7.500000007450581],
			"to": [4, 9.199999988079071, 8.50000000745058],
			"faces": {
				"north": {
					"uv": [0, 0, 3, 0.19999998807907104],
					"texture": "#2"
				},
				"east": {
					"uv": [0, 0, 1, 0.19999998807907104],
					"texture": "#2"
				},
				"south": {
					"uv": [0, 0, 3, 0.19999998807907104],
					"texture": "#2"
				},
				"west": {
					"uv": [0, 0, 1, 0.19999998807907104],
					"texture": "#2"
				},
				"up": {"uv": [0, 11, 3, 12], "texture": "#1"},
				"down": {"uv": [0, 3, 3, 4], "texture": "#2"}
			}
		},
		{
			"name": "Cube",
			"from": [12, 9, 7.500000007450581],
			"to": [15, 9.199999988079071, 8.50000000745058],
			"faces": {
				"north": {
					"uv": [0, 0, 3, 0.19999998807907104],
					"texture": "#2"
				},
				"east": {
					"uv": [0, 0, 1, 0.19999998807907104],
					"texture": "#2"
				},
				"south": {
					"uv": [0, 0, 3, 0.19999998807907104],
					"texture": "#2"
				},
				"west": {
					"uv": [0, 0, 1, 0.19999998807907104],
					"texture": "#2"
				},
				"up": {"uv": [3, 11, 6, 12], "texture": "#1"},
				"down": {"uv": [0, 3, 3, 4], "texture": "#2"}
			}
		},
		{
			"name": "Cube",
			"from": [0, 5.500000007450581, 5],
			"to": [16, 7.500000007450581, 7],
			"faces": {
				"north": {"uv": [0, 0, 16, 2], "texture": "#0"},
				"east": {"uv": [0, 0, 2, 2], "texture": "#0"},
				"south": {"uv": [0, 0, 16, 2], "texture": "#0"},
				"west": {"uv": [0, 0, 2, 2], "texture": "#0"},
				"up": {"uv": [0, 0, 16, 2], "texture": "#0"},
				"down": {"uv": [0, 0, 16, 2], "texture": "#0"}
			},
			"rotation": {
				"origin": [8, 7.500000007450581, 7],
				"axis": "x",
				"angle": -45
			}
		},
		{
			"name": "Cube",
			"from": [
				13.50000000745058,
				7.500000007450581,
				5.699999995529652
			],
			"to": [
				14.50000000745058,
				7.700000010430813,
				6.699999995529652
			],
			"faces": {
				"north": {
					"uv": [0, 0, 1, 0.20000000298023224],
					"texture": "#0"
				},
				"east": {
					"uv": [0, 0, 1, 0.20000000298023224],
					"texture": "#0"
				},
				"south": {
					"uv": [0, 0, 1, 0.20000000298023224],
					"texture": "#0"
				},
				"west": {
					"uv": [0, 0, 1, 0.20000000298023224],
					"texture": "#0"
				},
				"up": {
					"uv": [7, 11, 8, 12],
					"texture": "#1",
					"rotation": 180
				},
				"down": {"uv": [0, 0, 1, 1], "texture": "#0"}
			},
			"rotation": {
				"origin": [8, 7.499999992549419, 7],
				"axis": "x",
				"angle": -45
			}
		},
		{
			"name": "Cube",
			"from": [
				1.5000000074505806,
				7.500000007450581,
				5.699999995529652
			],
			"to": [
				2.5000000074505806,
				7.700000010430813,
				6.699999995529652
			],
			"faces": {
				"north": {
					"uv": [0, 0, 1, 0.20000000298023224],
					"texture": "#0"
				},
				"east": {
					"uv": [0, 0, 1, 0.20000000298023224],
					"texture": "#0"
				},
				"south": {
					"uv": [0, 0, 1, 0.20000000298023224],
					"texture": "#0"
				},
				"west": {
					"uv": [0, 0, 1, 0.20000000298023224],
					"texture": "#0"
				},
				"up": {
					"uv": [6, 11, 7, 12],
					"texture": "#1",
					"rotation": 180
				},
				"down": {"uv": [0, 0, 1, 1], "texture": "#0"}
			},
			"rotation": {
				"origin": [8, 7.499999992549419, 7],
				"axis": "x",
				"angle": -45
			}
		}
	],
	"display": {
		"thirdperson_righthand": {
			"scale": [0.5, 0.5, 0.5],
			"translation": [0, 3.5, 0]
		},
		"thirdperson_lefthand": {
			"scale": [0.5, 0.5, 0.5],
			"translation": [0, 3.5, 0]
		},
		"firstperson_righthand": {
			"scale": [1, 1, 1],
			"translation": [-9, 11, 0]
		},
		"firstperson_lefthand": {
			"scale": [1, 1, 1],
			"translation": [-9, 11, 0]
		},
		"head": {"scale": [1, 1, 1]},
		"ground": {
			"scale": [0.5, 0.5, 0.5],
			"rotation": [0, 0, 0],
			"translation": [0, 2, 0]
		},
		"fixed": {
			"scale": [1, 1, 1],
			"rotation": [0, 180, 0],
			"translation": [0, 2, 0]
		},
		"gui": {
			"scale": [1, 1, 1],
			"translation": [0, 3, 0],
			"rotation": [15, 44, 0]
		}
	}
}