{
    "__comment": "Made with MrCrayfish's Model Creator, position made with BlockBench",
    "textures": {
        "0": "blocks/concrete_white",
        "1": "hgm:items/wii_u",
        "2": "blocks/quartz_block_top"
    },
    "elements": [
        {
            "name": "Cube",
            "from": [ 1.0, 0.0, 6.999999985098839 ], 
            "to": [ 15.0, 9.0, 7.999999985098839 ], 
            "faces": {
                "north": { "texture": "#0", "uv": [ 0.0, 0.0, 14.0, 9.0 ] },
                "east": { "texture": "#0", "uv": [ 0.0, 0.0, 1.0, 9.0 ] },
                "south": { "texture": "#0", "uv": [ 0.0, 0.0, 14.0, 9.0 ] },
                "west": { "texture": "#0", "uv": [ 0.0, 0.0, 1.0, 9.0 ] },
                "up": { "texture": "#0", "uv": [ 0.0, 0.0, 14.0, 1.0 ] },
                "down": { "texture": "#0", "uv": [ 0.0, 0.0, 14.0, 1.0 ] }
            }
        },
        {
            "name": "Cube",
            "from": [ 1.0, 0.0, 8.0 ], 
            "to": [ 2.0, 9.0, 9.0 ], 
            "faces": {
                "north": { "texture": "#0", "uv": [ 0.0, 0.0, 1.0, 9.0 ] },
                "east": { "texture": "#0", "uv": [ 0.0, 0.0, 1.0, 9.0 ] },
                "south": { "texture": "#0", "uv": [ 0.0, 0.0, 1.0, 9.0 ] },
                "west": { "texture": "#0", "uv": [ 0.0, 0.0, 1.0, 9.0 ] },
                "up": { "texture": "#0", "uv": [ 0.0, 0.0, 1.0, 1.0 ] },
                "down": { "texture": "#0", "uv": [ 0.0, 0.0, 1.0, 1.0 ] }
            }
        },
        {
            "name": "Cube",
            "from": [ 14.0, 0.0, 8.0 ], 
            "to": [ 15.0, 9.0, 9.0 ], 
            "faces": {
                "north": { "texture": "#0", "uv": [ 0.0, 0.0, 1.0, 9.0 ] },
                "east": { "texture": "#0", "uv": [ 0.0, 0.0, 1.0, 9.0 ] },
                "south": { "texture": "#0", "uv": [ 0.0, 0.0, 1.0, 9.0 ] },
                "west": { "texture": "#0", "uv": [ 0.0, 0.0, 1.0, 9.0 ] },
                "up": { "texture": "#0", "uv": [ 0.0, 0.0, 1.0, 1.0 ] },
                "down": { "texture": "#0", "uv": [ 0.0, 0.0, 1.0, 1.0 ] }
            }
        },
        {
            "name": "Cube",
            "from": [ 2.0, 0.0, 8.0 ], 
            "to": [ 14.0, 1.0, 9.0 ], 
            "faces": {
                "north": { "texture": "#0", "uv": [ 0.0, 0.0, 12.0, 1.0 ] },
                "east": { "texture": "#0", "uv": [ 0.0, 0.0, 1.0, 1.0 ] },
                "south": { "texture": "#0", "uv": [ 0.0, 0.0, 12.0, 1.0 ] },
                "west": { "texture": "#0", "uv": [ 0.0, 0.0, 1.0, 1.0 ] },
                "up": { "texture": "#0", "uv": [ 0.0, 0.0, 12.0, 1.0 ] },
                "down": { "texture": "#0", "uv": [ 0.0, 0.0, 12.0, 1.0 ] }
            }
        },
        {
            "name": "Cube",
            "from": [ 2.0, 8.0, 8.0 ], 
            "to": [ 14.0, 9.0, 9.0 ], 
            "faces": {
                "north": { "texture": "#0", "uv": [ 0.0, 0.0, 12.0, 1.0 ] },
                "east": { "texture": "#0", "uv": [ 0.0, 0.0, 1.0, 1.0 ] },
                "south": { "texture": "#0", "uv": [ 0.0, 0.0, 12.0, 1.0 ] },
                "west": { "texture": "#0", "uv": [ 0.0, 0.0, 1.0, 1.0 ] },
                "up": { "texture": "#0", "uv": [ 0.0, 0.0, 12.0, 1.0 ] },
                "down": { "texture": "#0", "uv": [ 0.0, 0.0, 12.0, 1.0 ] }
            }
        },
        {
            "name": "Cube",
            "from": [ 2.0, 1.0, 8.799999997019768 ], 
            "to": [ 14.0, 8.0, 8.799999997019768 ], 
            "faces": {
                "south": { "texture": "#1", "uv": [ 0.0, 0.0, 12.0, 7.0 ] }
            }
        },
        {
            "name": "Cube",
            "from": [ 0.0, 1.0, 7.0 ], 
            "to": [ 1.0, 8.0, 9.0 ], 
            "faces": {
                "north": { "texture": "#0", "uv": [ 0.0, 0.0, 1.0, 7.0 ] },
                "east": { "texture": "#0", "uv": [ 0.0, 0.0, 2.0, 7.0 ] },
                "south": { "texture": "#0", "uv": [ 0.0, 0.0, 1.0, 7.0 ] },
                "west": { "texture": "#0", "uv": [ 0.0, 0.0, 2.0, 7.0 ] },
                "up": { "texture": "#0", "uv": [ 0.0, 0.0, 1.0, 2.0 ] },
                "down": { "texture": "#0", "uv": [ 0.0, 0.0, 1.0, 2.0 ] }
            }
        },
        {
            "name": "Cube",
            "from": [ 15.0, 1.0, 7.0 ], 
            "to": [ 16.0, 8.0, 9.0 ], 
            "faces": {
                "north": { "texture": "#0", "uv": [ 0.0, 0.0, 1.0, 7.0 ] },
                "east": { "texture": "#0", "uv": [ 0.0, 0.0, 2.0, 7.0 ] },
                "south": { "texture": "#0", "uv": [ 0.0, 0.0, 1.0, 7.0 ] },
                "west": { "texture": "#0", "uv": [ 0.0, 0.0, 2.0, 7.0 ] },
                "up": { "texture": "#0", "uv": [ 0.0, 0.0, 0.0, 2.0 ] },
                "down": { "texture": "#0", "uv": [ 0.0, 0.0, 1.0, 2.0 ] }
            }
        },
        {
            "name": "Cube",
            "from": [ 0.4999999925494194, 6.0, 8.49999999254942 ], 
            "to": [ 1.4999999925494194, 7.0, 9.49999999254942 ], 
            "faces": {
                "north": { "texture": "#2", "uv": [ 0.0, 0.0, 4.0, 4.0 ] },
                "east": { "texture": "#2", "uv": [ 0.0, 0.0, 4.0, 4.0 ] },
                "south": { "texture": "#2", "uv": [ 0.0, 0.0, 4.0, 4.0 ] },
                "west": { "texture": "#2", "uv": [ 0.0, 0.0, 4.0, 4.0 ] },
                "up": { "texture": "#2", "uv": [ 0.0, 0.0, 4.0, 4.0 ] },
                "down": { "texture": "#2", "uv": [ 0.0, 0.0, 4.0, 4.0 ] }
            }
        },
        {
            "name": "Cube",
            "from": [ 14.49999999254942, 6.0, 8.49999999254942 ], 
            "to": [ 15.49999999254942, 7.0, 9.49999999254942 ], 
            "faces": {
                "north": { "texture": "#2", "uv": [ 0.0, 0.0, 4.0, 4.0 ] },
                "east": { "texture": "#2", "uv": [ 0.0, 0.0, 4.0, 4.0 ] },
                "south": { "texture": "#2", "uv": [ 0.0, 0.0, 4.0, 4.0 ] },
                "west": { "texture": "#2", "uv": [ 0.0, 0.0, 4.0, 4.0 ] },
                "up": { "texture": "#2", "uv": [ 0.0, 0.0, 4.0, 4.0 ] },
                "down": { "texture": "#2", "uv": [ 0.0, 0.0, 4.0, 4.0 ] }
            }
        },
        {
            "name": "Cube",
            "from": [ 14.699999995529652, 5.000000014901161, 9.0 ], 
            "to": [ 15.299999989569187, 5.600000008940697, 9.2 ], 
            "faces": {
                "north": { "texture": "#2", "uv": [ 0.0, 0.0, 0.5999999940395355, 0.5999999940395355 ] },
                "east": { "texture": "#2", "uv": [ 0.0, 0.0, 1.0, 0.5999999940395355 ] },
                "south": { "texture": "#1", "uv": [ 2.0, 8.0, 2.5999999940395355, 8.599999994039536 ] },
                "west": { "texture": "#2", "uv": [ 0.0, 0.0, 1.0, 0.5999999940395355 ] },
                "up": { "texture": "#2", "uv": [ 0.0, 0.0, 0.5999999940395355, 1.0 ] },
                "down": { "texture": "#2", "uv": [ 0.0, 0.0, 0.5999999940395355, 1.0 ] }
            }
        },
        {
            "name": "Cube",
            "from": [ 15.300000004470348, 4.300000004470348, 9.0 ], 
            "to": [ 15.899999998509884, 4.899999998509884, 9.2 ], 
            "faces": {
                "north": { "texture": "#2", "uv": [ 0.0, 0.0, 0.5999999940395355, 0.5999999940395355 ] },
                "east": { "texture": "#2", "uv": [ 0.0, 0.0, 1.0, 0.5999999940395355 ] },
                "south": { "texture": "#1", "uv": [ 0.0, 8.0, 0.5999999940395355, 8.599999994039536 ] },
                "west": { "texture": "#2", "uv": [ 0.0, 0.0, 1.0, 0.5999999940395355 ] },
                "up": { "texture": "#2", "uv": [ 0.0, 0.0, 0.5999999940395355, 1.0 ] },
                "down": { "texture": "#2", "uv": [ 0.0, 0.0, 0.5999999940395355, 1.0 ] }
            }
        },
        {
            "name": "Cube",
            "from": [ 14.099999986588955, 4.300000004470348, 9.0 ], 
            "to": [ 14.69999998062849, 4.899999998509884, 9.2 ], 
            "faces": {
                "north": { "texture": "#2", "uv": [ 0.0, 0.0, 0.5999999940395355, 0.5999999940395355 ] },
                "east": { "texture": "#2", "uv": [ 0.0, 0.0, 1.0, 0.5999999940395355 ] },
                "south": { "texture": "#1", "uv": [ 3.0, 8.0, 3.5999999940395355, 8.599999994039536 ] },
                "west": { "texture": "#2", "uv": [ 0.0, 0.0, -3.0, 0.5999999940395355 ] },
                "up": { "texture": "#2", "uv": [ 0.0, 0.0, 3.5999999940395355, 1.0 ] },
                "down": { "texture": "#2", "uv": [ 0.0, 0.0, 0.5999999940395355, 1.0 ] }
            }
        },
        {
            "name": "Cube",
            "from": [ 14.699999995529652, 3.5999999940395355, 9.0 ], 
            "to": [ 15.299999989569187, 4.199999988079071, 9.2 ], 
            "faces": {
                "north": { "texture": "#2", "uv": [ 0.0, 0.0, 0.5999999940395355, 0.5999999940395355 ] },
                "east": { "texture": "#2", "uv": [ 0.0, 0.0, 1.0, 0.5999999940395355 ] },
                "south": { "texture": "#1", "uv": [ 1.0, 8.0, 1.5999999940395355, 8.599999994039536 ] },
                "west": { "texture": "#2", "uv": [ 0.0, 0.0, 1.0, 0.5999999940395355 ] },
                "up": { "texture": "#2", "uv": [ 0.0, 0.0, 0.5999999940395355, 1.0 ] },
                "down": { "texture": "#2", "uv": [ 0.0, 0.0, 0.5999999940395355, 1.0 ] }
            }
        },
        {
            "name": "Cube",
            "from": [ 0.6999999955296516, 3.600000023841858, 9.0 ], 
            "to": [ 1.2999999895691872, 5.600000008940697, 9.2 ], 
            "faces": {
                "north": { "texture": "#2", "uv": [ 0.0, 0.0, 0.5999999940395355, 0.5999999940395355 ] },
                "east": { "texture": "#2", "uv": [ 0.0, 0.0, 1.0, 0.5999999940395355 ] },
                "south": { "texture": "#1", "uv": [ 7.0, 9.0, 7.5999999940395355, 10.599999994039536 ] },
                "west": { "texture": "#2", "uv": [ 0.0, 0.0, 1.0, 0.5999999940395355 ] },
                "up": { "texture": "#2", "uv": [ 0.0, 0.0, 0.5999999940395355, 1.0 ] },
                "down": { "texture": "#2", "uv": [ 0.0, 0.0, 0.5999999940395355, 1.0 ] }
            }
        },
        {
            "name": "Cube",
            "from": [ 0.0, 4.300000034272671, 9.0 ], 
            "to": [ 2.0, 4.90000003427267, 9.2 ], 
            "faces": {
                "north": { "texture": "#2", "uv": [ 0.0, 0.0, 0.5999999940395355, 0.5999999940395355 ] },
                "east": { "texture": "#2", "uv": [ 0.0, 0.0, 1.0, 0.5999999940395355 ] },
                "south": { "texture": "#1", "uv": [ 7.0, 9.0, 7.5999999940395355, 10.599999994039536 ], "rotation": 90 },
                "west": { "texture": "#2", "uv": [ 0.0, 0.0, 1.0, 0.5999999940395355 ] },
                "up": { "texture": "#2", "uv": [ 0.0, 0.0, 0.5999999940395355, 1.0 ] },
                "down": { "texture": "#2", "uv": [ 0.0, 0.0, 0.5999999940395355, 1.0 ] }
            }
        },
        {
            "name": "Cube",
            "from": [ 14.099999986588955, 2.5999999791383743, 9.0 ], 
            "to": [ 14.69999998062849, 3.19999997317791, 9.2 ], 
            "faces": {
                "north": { "texture": "#2", "uv": [ 0.0, 0.0, 0.5999999940395355, 0.5999999940395355 ] },
                "east": { "texture": "#2", "uv": [ 0.0, 0.0, 1.0, 0.5999999940395355 ] },
                "south": { "texture": "#1", "uv": [ 4.0, 8.0, 4.5999999940395355, 8.599999994039536 ] },
                "west": { "texture": "#2", "uv": [ 0.0, 0.0, 1.0, 0.5999999940395355 ] },
                "up": { "texture": "#2", "uv": [ 0.0, 0.0, 0.5999999940395355, 1.0 ] },
                "down": { "texture": "#2", "uv": [ 0.0, 0.0, 0.5999999940395355, 1.0 ] }
            }
        },
        {
            "name": "Cube",
            "from": [ 14.099999986588955, 1.7999999672174454, 9.0 ], 
            "to": [ 14.69999998062849, 2.399999961256981, 9.2 ], 
            "faces": {
                "north": { "texture": "#2", "uv": [ 0.0, 0.0, 0.5999999940395355, 0.5999999940395355 ] },
                "east": { "texture": "#2", "uv": [ 0.0, 0.0, 1.0, 0.5999999940395355 ] },
                "south": { "texture": "#1", "uv": [ 5.0, 8.0, 5.5999999940395355, 8.599999994039536 ] },
                "west": { "texture": "#2", "uv": [ 0.0, 0.0, 1.0, 0.5999999940395355 ] },
                "up": { "texture": "#2", "uv": [ 0.0, 0.0, 0.5999999940395355, 1.0 ] },
                "down": { "texture": "#2", "uv": [ 0.0, 0.0, 0.5999999940395355, 1.0 ] }
            }
        },
        {
            "name": "Cube",
            "from": [ 13.19999997317791, 0.2999999448657036, 9.0 ], 
            "to": [ 13.799999967217445, 0.8999999389052391, 9.2 ], 
            "faces": {
                "north": { "texture": "#2", "uv": [ 0.0, 0.0, 0.5999999940395355, 0.5999999940395355 ] },
                "east": { "texture": "#2", "uv": [ 0.0, 0.0, 1.0, 0.5999999940395355 ] },
                "south": { "texture": "#1", "uv": [ 6.0, 8.0, 6.5999999940395355, 8.599999994039536 ] },
                "west": { "texture": "#2", "uv": [ 0.0, 0.0, 1.0, 0.5999999940395355 ] },
                "up": { "texture": "#2", "uv": [ 0.0, 0.0, 0.5999999940395355, 1.0 ] },
                "down": { "texture": "#2", "uv": [ 0.0, 0.0, 0.5999999940395355, 1.0 ] }
            }
        },
        {
            "name": "Cube",
            "from": [ 12.099999956786633, 0.2999999448657036, 9.0 ], 
            "to": [ 12.699999950826168, 0.8999999389052391, 9.2 ], 
            "faces": {
                "north": { "texture": "#2", "uv": [ 0.0, 0.0, 0.5999999940395355, 0.5999999940395355 ] },
                "east": { "texture": "#2", "uv": [ 0.0, 0.0, 1.0, 0.5999999940395355 ] },
                "south": { "texture": "#1", "uv": [ 2.0, 9.0, 3.2, 10.2 ] },
                "west": { "texture": "#2", "uv": [ 0.0, 0.0, 1.0, 0.5999999940395355 ] },
                "up": { "texture": "#2", "uv": [ 0.0, 0.0, 0.5999999940395355, 1.0 ] },
                "down": { "texture": "#2", "uv": [ 0.0, 0.0, 0.5999999940395355, 1.0 ] }
            }
        },
        {
            "name": "Cube",
            "from": [ 7.699999950826168, 0.2999999448657036, 9.0 ], 
            "to": [ 8.299999944865704, 0.8999999389052391, 9.2 ], 
            "faces": {
                "north": { "texture": "#2", "uv": [ 0.0, 0.0, 0.5999999940395355, 0.5999999940395355 ] },
                "east": { "texture": "#2", "uv": [ 0.0, 0.0, 1.0, 0.5999999940395355 ] },
                "south": { "texture": "#1", "uv": [ 10.0, 7.0, 11.2, 8.2 ] },
                "west": { "texture": "#2", "uv": [ 0.0, 0.0, 1.0, 0.5999999940395355 ] },
                "up": { "texture": "#2", "uv": [ 0.0, 0.0, 0.5999999940395355, 1.0 ] },
                "down": { "texture": "#2", "uv": [ 0.0, 0.0, 0.5999999940395355, 1.0 ] }
            }
        },
        {
            "name": "Cube",
            "from": [ 2.0, 0.0, 9.100000001490116 ], 
            "to": [ 5.0, 1.0, 9.100000001490116 ], 
            "faces": {
                "north": { "texture": "#-1", "uv": [ 0.0, 0.0, 3.0, 1.0 ] },
                "east": { "texture": "#-1", "uv": [ 0.0, 0.0, 0.0, 1.0 ] },
                "south": { "texture": "#1", "uv": [ 8.0, 10.0, 11.0, 11.0 ] },
                "west": { "texture": "#-1", "uv": [ 0.0, 0.0, 0.0, 1.0 ] },
                "up": { "texture": "#-1", "uv": [ 0.0, 0.0, 3.0, 0.0 ] },
                "down": { "texture": "#-1", "uv": [ 0.0, 0.0, 3.0, 0.0 ] }
            }
        },
        {
            "name": "Cube",
            "from": [ 1.0, 9.0, 7.500000007450581 ], 
            "to": [ 4.0, 9.199999988079071, 8.50000000745058 ], 
            "faces": {
                "north": { "texture": "#2", "uv": [ 0.0, 0.0, 3.0, 0.19999998807907104 ] },
                "east": { "texture": "#2", "uv": [ 0.0, 0.0, 1.0, 0.19999998807907104 ] },
                "south": { "texture": "#2", "uv": [ 0.0, 0.0, 3.0, 0.19999998807907104 ] },
                "west": { "texture": "#2", "uv": [ 0.0, 0.0, 1.0, 0.19999998807907104 ] },
                "up": { "texture": "#1", "uv": [ 0.0, 12.0, 3.0, 13.0 ] },
                "down": { "texture": "#2", "uv": [ 0.0, 3.0, 3.0, 4.0 ] }
            }
        },
        {
            "name": "Cube",
            "from": [ 12.0, 9.0, 7.500000007450581 ], 
            "to": [ 15.0, 9.199999988079071, 8.50000000745058 ], 
            "faces": {
                "north": { "texture": "#2", "uv": [ 0.0, 0.0, 3.0, 0.19999998807907104 ] },
                "east": { "texture": "#2", "uv": [ 0.0, 0.0, 1.0, 0.19999998807907104 ] },
                "south": { "texture": "#2", "uv": [ 0.0, 0.0, 3.0, 0.19999998807907104 ] },
                "west": { "texture": "#2", "uv": [ 0.0, 0.0, 1.0, 0.19999998807907104 ] },
                "up": { "texture": "#1", "uv": [ 3.0, 12.0, 6.0, 13.0 ] },
                "down": { "texture": "#2", "uv": [ 0.0, 3.0, 3.0, 4.0 ] }
            }
        },
        {
            "name": "Cube",
            "from": [ 0.0, 5.500000007450581, 5.0 ], 
            "to": [ 16.0, 7.500000007450581, 7.0 ], 
            "rotation": { "origin": [ 8.0, 7.500000007450581, 7.0 ], "axis": "x", "angle": -45.0 },
            "faces": {
                "north": { "texture": "#0", "uv": [ 0.0, 0.0, 16.0, 2.0 ] },
                "east": { "texture": "#0", "uv": [ 0.0, 0.0, 2.0, 2.0 ] },
                "south": { "texture": "#0", "uv": [ 0.0, 0.0, 16.0, 2.0 ] },
                "west": { "texture": "#0", "uv": [ 0.0, 0.0, 2.0, 2.0 ] },
                "up": { "texture": "#0", "uv": [ 0.0, 0.0, 16.0, 2.0 ] },
                "down": { "texture": "#0", "uv": [ 0.0, 0.0, 16.0, 2.0 ] }
            }
        },
        {
            "name": "Cube",
            "from": [ 13.50000000745058, 7.500000007450581, 5.699999995529652 ], 
            "to": [ 14.50000000745058, 7.700000010430813, 6.699999995529652 ], 
            "rotation": { "origin": [ 8.0, 7.499999992549419, 7.0 ], "axis": "x", "angle": -45.0 },
            "faces": {
                "north": { "texture": "#2", "uv": [ 0.0, 0.0, 1.0, 0.20000000298023224 ] },
                "east": { "texture": "#2", "uv": [ 0.0, 0.0, 1.0, 0.20000000298023224 ] },
                "south": { "texture": "#2", "uv": [ 0.0, 0.0, 1.0, 0.20000000298023224 ] },
                "west": { "texture": "#2", "uv": [ 0.0, 0.0, 1.0, 0.20000000298023224 ] },
                "up": { "texture": "#1", "uv": [ 7.0, 12.0, 8.0, 13.0 ], "rotation": 180 },
                "down": { "texture": "#2", "uv": [ 0.0, 0.0, 1.0, 1.0 ] }
            }
        },
        {
            "name": "Cube",
            "from": [ 1.5000000074505806, 7.500000007450581, 5.699999995529652 ], 
            "to": [ 2.5000000074505806, 7.700000010430813, 6.699999995529652 ], 
            "rotation": { "origin": [ 8.0, 7.499999992549419, 7.0 ], "axis": "x", "angle": -45.0 },
            "faces": {
                "north": { "texture": "#2", "uv": [ 0.0, 0.0, 1.0, 0.20000000298023224 ] },
                "east": { "texture": "#2", "uv": [ 0.0, 0.0, 1.0, 0.20000000298023224 ] },
                "south": { "texture": "#2", "uv": [ 0.0, 0.0, 1.0, 0.20000000298023224 ] },
                "west": { "texture": "#2", "uv": [ 0.0, 0.0, 1.0, 0.20000000298023224 ] },
                "up": { "texture": "#1", "uv": [ 6.0, 12.0, 7.0, 13.0 ], "rotation": 180 },
                "down": { "texture": "#2", "uv": [ 0.0, 0.0, 1.0, 1.0 ] }
            }
        }
    ],
	"display": {
		"thirdperson_righthand": {
			"scale": [0.5, 0.5, 0.5],
			"translation": [0, 3.5, 0]
		},
		"thirdperson_lefthand": {
			"scale": [0.5, 0.5, 0.5],
			"translation": [0, 3.5, 0]
		},
		"firstperson_righthand": {
			"scale": [1, 1, 1],
			"translation": [-9, 11, 0]
		},
		"firstperson_lefthand": {
			"scale": [1, 1, 1],
			"translation": [-9, 11, 0]
		},
		"head": {"scale": [1, 1, 1]},
		"ground": {
			"scale": [0.5, 0.5, 0.5],
			"rotation": [0, 0, 0],
			"translation": [0, 2, 0]
		},
		"fixed": {
			"scale": [1, 1, 1],
			"rotation": [0, 180, 0],
			"translation": [0, 2, 0]
		},
		"gui": {
			"scale": [1, 1, 1],
			"translation": [0, 3, 0],
			"rotation": [15, 44, 0]
		}
	}
}