{
  "result": {
    "item": "hgm:office_chair",
    "data": 0
  },
  "pattern": [
    "WTW",
    "WCW",
    "BIB"
  ],
  "type": "minecraft:crafting_shaped",
  "key": {
    "W": {
      "item": "minecraft:wool",
      "data": 0
    },
    "T": {
      "item": "minecraft:stained_hardened_clay",
      "data": 9
    },
    "C": {
      "item": "minecraft:carpet",
      "data": 7
    },
    "B": {
      "item": "minecraft:coal_block"
    },
    "I": {
      "item": "minecraft:iron_ingot"
    }
  }
}