{
	"credit": "Made with Blockbench, a free, modern block model editor by JannisX11",
	"ambientocclusion": false,
	"elements": [
		{
			"name": "cube",
			"from": [1, 0, 1],
			"to": [15, 1, 15],
			"faces": {
				"north": {
					"uv": [15.5, 0.75, 16, 3],
					"texture": "#0"
				},
				"east": {
					"uv": [15.5, 0.75, 16, 3],
					"texture": "#0"
				},
				"south": {
					"uv": [15.5, 0.75, 16, 3],
					"texture": "#0"
				},
				"west": {
					"uv": [15.5, 0.75, 16, 3],
					"texture": "#0"
				},
				"up": {"uv": [8, 14.5, 14, 16], "texture": "#0"},
				"down": {"uv": [8, 14.5, 14, 16], "texture": "#0"}
			},
			"type": "cube"
		},
		{
			"name": "cube",
			"from": [3, 1, 3],
			"to": [13, 2, 6],
			"faces": {
				"north": {"uv": [1.5, 0, 11.5, 1], "texture": "#0"},
				"east": {"uv": [3.25, 0, 6.25, 1], "texture": "#0"},
				"south": {
					"uv": [10, 11.25, 13.25, 12.25],
					"texture": "#0"
				},
				"west": {
					"uv": [1.75, 11.25, 4.75, 12.25],
					"texture": "#0"
				},
				"up": {
					"uv": [1.25, 12.25, 4.85, 0],
					"texture": "#0",
					"rotation": 270
				},
				"down": {"uv": [0, 0, 10, 3], "texture": "#0"}
			},
			"type": "cube"
		},
		{
			"name": "cube",
			"from": [5, 1, 13],
			"to": [12, 2, 14],
			"faces": {
				"north": {
					"uv": [0, 0, 7, 1],
					"texture": "#0"
				},
				"east": {
					"uv": [13.75, 3.5, 14.75, 4.75],
					"texture": "#0"
				},
				"south": {
					"uv": [13.75, 4.5, 14.5, 5.5],
					"texture": "#0"
				},
				"west": {
					"uv": [13.75, 1.75, 14.75, 4.25],
					"texture": "#0"
				},
				"up": {
					"uv": [13.75, 5.25, 14.5, 6],
					"texture": "#0"
				},
				"down": {"uv": [0, 0, 7, 1], "texture": "#0"}
			},
			"type": "cube"
		},
		{
			"name": "cube",
			"from": [5, 1, 2],
			"to": [12, 2, 3],
			"faces": {
				"north": {"uv": [0.5, 4, 1, 5], "texture": "#0"},
				"east": {"uv": [0, 1.75, 1, 2.75], "texture": "#0"},
				"south": {
					"uv": [0, 0, 7, 1],
					"texture": "#0"
				},
				"west": {
					"uv": [0.25, 7.5, 1, 8.5],
					"texture": "#0"
				},
				"up": {
					"uv": [0, 1.25, 1, 8.25],
					"texture": "#0",
					"rotation": 270
				},
				"down": {"uv": [0, 0, 7, 1], "texture": "#0"}
			},
			"type": "cube"
		},
		{
			"name": "cube",
			"from": [3, 1, 10],
			"to": [13, 2, 13],
			"faces": {
				"north": {
					"uv": [0, 0, 10, 1],
					"texture": "#0"
				},
				"east": {"uv": [1.5, 0, 4.5, 1], "texture": "#0"},
				"south": {
					"uv": [11.5, 4, 12.75, 5],
					"texture": "#0"
				},
				"west": {
					"uv": [10, 11.25, 13, 12.25],
					"texture": "#0"
				},
				"up": {
					"uv": [10, 0, 13.5, 12.25],
					"texture": "#0",
					"rotation": 90
				},
				"down": {"uv": [0, 0, 10, 3], "texture": "#0"}
			},
			"type": "cube"
		},
		{
			"name": "cube",
			"from": [4, 1, 6],
			"to": [13, 2, 10],
			"faces": {
				"north": {
					"uv": [0, 0, 9, 1],
					"texture": "#0"
				},
				"east": {"uv": [4, 0, 8, 1], "texture": "#0"},
				"south": {
					"uv": [0, 0, 9, 1],
					"texture": "#0"
				},
				"west": {
					"uv": [5.5, 4.5, 9.5, 5.5],
					"texture": "#0"
				},
				"up": {"uv": [1.25, 0, 13.5, 11], "texture": "#0"},
				"down": {"uv": [0, 0, 9, 4], "texture": "#0"}
			},
			"type": "cube"
		},
		{
			"name": "cube",
			"from": [13, 1.001, 2],
			"to": [15, 1.001, 7],
			"faces": {
				"north": {
					"uv": [0, 13.5, 6.25, 16],
					"texture": "#0",
					"rotation": 270
				},
				"east": {
					"uv": [0, 13.5, 6.25, 16],
					"texture": "#0",
					"rotation": 270
				},
				"south": {
					"uv": [0, 13.5, 6.25, 16],
					"texture": "#0",
					"rotation": 270
				},
				"west": {
					"uv": [0, 13.5, 6.25, 16],
					"texture": "#0",
					"rotation": 270
				},
				"up": {
					"uv": [0, 13.5, 6.25, 16],
					"texture": "#0",
					"rotation": 270
				},
				"down": {
					"uv": [0, 13.5, 6.25, 16],
					"texture": "#0",
					"rotation": 270
				}
			},
			"type": "cube"
		},
		{
			"name": "cube",
			"from": [1, 1.001, 10],
			"to": [3, 1.001, 15],
			"faces": {
				"north": {
					"uv": [0, 13.5, 6.25, 16],
					"texture": "#0",
					"rotation": 270
				},
				"east": {
					"uv": [0, 13.5, 6.25, 16],
					"texture": "#0",
					"rotation": 270
				},
				"south": {
					"uv": [0, 13.5, 6.25, 16],
					"texture": "#0",
					"rotation": 270
				},
				"west": {
					"uv": [0, 13.5, 6.25, 16],
					"texture": "#0",
					"rotation": 270
				},
				"up": {
					"uv": [0, 13.5, 6.25, 16],
					"texture": "#0",
					"rotation": 90
				},
				"down": {
					"uv": [0, 13.5, 6.25, 16],
					"texture": "#0",
					"rotation": 270
				}
			},
			"type": "cube"
		}
	]
}