{
	"credit": "Made with Blockbench, a free, modern block model editor by JannisX11",
	"textures": {
			"particle": "hgm:model/desktop"
	},
	"elements": [
		{
			"name": "cube",
			"from": [11, 14.599999999999998, 5],
			"to": [12, 15.5, 15],
			"faces": {
				"north": {
					"uv": [0, 0, 1, 0.9000000000000021],
					"texture": "#particle"
				},
				"east": {
					"uv": [0, 12.5, 4, 13.15],
					"texture": "#particle"
				},
				"south": {
					"uv": [0, 0, 1, 0.9000000000000021],
					"texture": "#particle"
				},
				"west": {
					"uv": [0, 0, 10, 0.9000000000000021],
					"texture": "#particle"
				},
				"up": {"uv": [0, 0, 1, 10], "texture": "#particle"},
				"down": {
					"uv": [0, 12.25, 0.5, 16],
					"texture": "#particle",
					"rotation": 90
				}
			},
			"type": "cube"
		},
		{
			"name": "cube",
			"from": [11, 3, 15],
			"to": [12, 15.5, 16],
			"faces": {
				"north": {
					"uv": [0, 12.25, 0.5, 16],
					"texture": "#particle"
				},
				"east": {
					"uv": [0, 12.25, 0.5, 16],
					"texture": "#particle"
				},
				"south": {
					"uv": [0, 12.25, 0.5, 16],
					"texture": "#particle"
				},
				"west": {
					"uv": [0, 12.25, 0.5, 16],
					"texture": "#particle"
				},
				"up": {
					"uv": [0, 12.25, 0.5, 16],
					"texture": "#particle"
				},
				"down": {
					"uv": [0, 12.25, 0.5, 16],
					"texture": "#particle"
				}
			},
			"type": "cube"
		},
		{
			"name": "cube",
			"from": [11.2, 3, 5],
			"to": [11.8, 14.6, 15],
			"faces": {
				"north": {
					"uv": [0, 0, 0.6000000000000014, 11.6],
					"texture": "#particle"
				},
				"east": {
					"uv": [0, 4, 4, 8],
					"texture": "#particle"
				},
				"south": {
					"uv": [0, 0, 0.6000000000000014, 11.6],
					"texture": "#particle"
				},
				"west": {
					"uv": [0, 0, 10, 11.6],
					"texture": "#particle"
				},
				"up": {
					"uv": [0, 0, 0.6000000000000014, 10],
					"texture": "#particle"
				},
				"down": {
					"uv": [0, 0, 0.6000000000000014, 10],
					"texture": "#particle"
				}
			},
			"type": "cube"
		},
		{
			"name": "cube",
			"from": [11, 1, 5],
			"to": [12, 3, 16],
			"faces": {
				"north": {
					"uv": [0, 0, 1, 2],
					"texture": "#particle"
				},
				"east": {
					"uv": [0, 15.25, 4, 16],
					"texture": "#particle"
				},
				"south": {
					"uv": [0, 15.25, 0.5, 16],
					"texture": "#particle"
				},
				"west": {
					"uv": [0, 0, 11, 2],
					"texture": "#particle"
				},
				"up": {
					"uv": [0, 15.25, 4, 16],
					"texture": "#particle"
				},
				"down": {
					"uv": [0, 0, 1, 11],
					"texture": "#particle"
				}
			},
			"type": "cube"
		},
		{
			"name": "cube",
			"from": [11, 1, 0],
			"to": [12, 15.5, 5],
			"faces": {
				"north": {
					"uv": [0, 12.25, 0.5, 16],
					"texture": "#particle"
				},
				"east": {
					"uv": [0, 12.25, 1.5, 16],
					"texture": "#particle"
				},
				"south": {
					"uv": [0, 12.25, 1.5, 16],
					"texture": "#particle"
				},
				"west": {
					"uv": [0, 12.25, 1.5, 16],
					"texture": "#particle"
				},
				"up": {
					"uv": [0, 12.25, 1.5, 16],
					"texture": "#particle"
				},
				"down": {
					"uv": [0, 12.25, 1.5, 16],
					"texture": "#particle"
				}
			},
			"type": "cube"
		},
		{
			"name": "cube",
			"from": [4, 15.5, 0],
			"to": [12, 16, 16],
			"faces": {
				"north": {
					"uv": [0, 14.5, 4, 15],
					"texture": "#particle"
				},
				"east": {
					"uv": [0, 15.5, 4, 16],
					"texture": "#particle"
				},
				"south": {
					"uv": [0, 15.5, 4, 16],
					"texture": "#particle"
				},
				"west": {
					"uv": [0, 0, 16, 0.5],
					"texture": "#particle"
				},
				"up": {
					"uv": [0, 12.5, 3, 16],
					"texture": "#particle"
				},
				"down": {
					"uv": [0, 12.5, 3, 16],
					"texture": "#particle"
				}
			},
			"type": "cube"
		},
		{
			"name": "cube",
			"from": [4, 1, 15.6],
			"to": [11, 11.5, 15.8],
			"faces": {
				"north": {
					"uv": [0, 11, 4, 11.75],
					"texture": "#particle",
					"rotation": 90
				},
				"east": {
					"uv": [0, 11, 4, 11.75],
					"texture": "#particle",
					"rotation": 90
				},
				"south": {
					"uv": [0, 11, 4, 11.75],
					"texture": "#particle",
					"rotation": 90
				},
				"west": {
					"uv": [0, 11, 4, 11.75],
					"texture": "#particle",
					"rotation": 90
				},
				"up": {
					"uv": [0, 11, 4, 11.75],
					"texture": "#particle",
					"rotation": 90
				},
				"down": {
					"uv": [0, 11, 4, 11.75],
					"texture": "#particle",
					"rotation": 90
				}
			},
			"type": "cube"
		},
		{
			"name": "cube",
			"from": [4, 13.8, 0],
			"to": [11, 15.5, 1],
			"faces": {
				"north": {
					"uv": [0.5, 13.5, 2.75, 14],
					"texture": "#particle"
				},
				"east": {
					"uv": [0, 0, 1, 1.6999999999999993],
					"texture": "#particle"
				},
				"south": {
					"uv": [0.5, 13.5, 2.75, 14],
					"texture": "#particle"
				},
				"west": {
					"uv": [0, 0, 1, 1.6999999999999993],
					"texture": "#particle"
				},
				"up": {"uv": [0, 0, 7, 1], "texture": "#particle"},
				"down": {
					"uv": [0, 12, 4, 12.5],
					"texture": "#particle"
				}
			},
			"type": "cube"
		},
		{
			"name": "cube",
			"from": [4, 1, 0.40000000000000036],
			"to": [11, 3.1999999999999993, 1],
			"faces": {
				"north": {
					"uv": [8.75, 4.5, 11, 5.25],
					"texture": "#particle"
				},
				"east": {
					"uv": [0.75, 3, 3.25, 3.6],
					"texture": "#particle"
				},
				"south": {
					"uv": [0.75, 3, 3.25, 3.6],
					"texture": "#particle"
				},
				"west": {
					"uv": [0.75, 3, 3.25, 3.6],
					"texture": "#particle"
				},
				"up": {
					"uv": [0.75, 3, 3.25, 3.6],
					"texture": "#particle"
				},
				"down": {
					"uv": [0.75, 3, 3.25, 3.6],
					"texture": "#particle"
				}
			},
			"type": "cube"
		},
		{
			"name": "cube",
			"from": [4, 1.0000000000000018, 0],
			"to": [11, 1.9000000000000004, 1],
			"faces": {
				"north": {
					"uv": [0, 15.25, 2.5, 15.85],
					"texture": "#particle"
				},
				"east": {
					"uv": [0, 12.5, 2.5, 15.85],
					"texture": "#particle"
				},
				"south": {
					"uv": [0, 12.5, 2.5, 15.85],
					"texture": "#particle"
				},
				"west": {
					"uv": [0, 12.5, 2.5, 15.85],
					"texture": "#particle"
				},
				"up": {
					"uv": [0, 12.5, 2.5, 15.85],
					"texture": "#particle"
				},
				"down": {
					"uv": [0, 12.5, 2.5, 15.85],
					"texture": "#particle"
				}
			},
			"type": "cube"
		},
		{
			"name": "cube",
			"from": [4, 3.200000000000001, 0],
			"to": [11, 12, 1],
			"faces": {
				"north": {
					"uv": [0, 12.5, 2.5, 15.85],
					"texture": "#particle"
				},
				"east": {
					"uv": [0, 12.5, 2.5, 15.85],
					"texture": "#particle"
				},
				"south": {
					"uv": [0, 12.5, 2.5, 15.85],
					"texture": "#particle"
				},
				"west": {
					"uv": [0, 12.5, 2.5, 15.85],
					"texture": "#particle"
				},
				"up": {
					"uv": [0, 12.5, 2.5, 15.85],
					"texture": "#particle"
				},
				"down": {
					"uv": [0, 12.5, 2.5, 15.85],
					"texture": "#particle"
				}
			},
			"type": "cube"
		},
		{
			"name": "cube",
			"from": [3, 1, 0],
			"to": [4, 16, 16],
			"faces": {
				"north": {
					"uv": [0, 12.25, 0.5, 16],
					"texture": "#particle"
				},
				"east": {
					"uv": [0, 12.5, 4, 16],
					"texture": "#particle"
				},
				"south": {
					"uv": [0, 12.25, 0.5, 16],
					"texture": "#particle"
				},
				"west": {
					"uv": [0, 12.5, 4, 16],
					"texture": "#particle"
				},
				"up": {
					"uv": [0, 12.25, 0.5, 16],
					"texture": "#particle"
				},
				"down": {
					"uv": [0, 12.5, 4, 16],
					"texture": "#particle"
				}
			},
			"type": "cube"
		},
		{
			"name": "cube",
			"from": [3, 0, 0],
			"to": [12, 1, 16],
			"faces": {
				"north": {
					"uv": [0, 15.5, 4, 16],
					"texture": "#particle"
				},
				"east": {
					"uv": [0, 15.5, 4, 16],
					"texture": "#particle"
				},
				"south": {
					"uv": [0, 15.5, 4, 16],
					"texture": "#particle"
				},
				"west": {
					"uv": [0, 15.5, 4, 16],
					"texture": "#particle"
				},
				"up": {
					"uv": [0, 12, 3.25, 16],
					"texture": "#particle"
				},
				"down": {
					"uv": [0, 12, 3.25, 16],
					"texture": "#particle"
				}
			},
			"type": "cube"
		},
		{
			"name": "cube",
			"from": [4, 11.5, 8.7],
			"to": [11, 15.5, 15.7],
			"faces": {
				"north": {
					"uv": [12, 2.5, 16, 3.75],
					"texture": "#particle"
				},
				"east": {
					"uv": [12, 2.5, 16, 3.75],
					"texture": "#particle"
				},
				"south": {
					"uv": [0, 11, 4, 12],
					"texture": "#particle"
				},
				"west": {
					"uv": [12, 2.5, 16, 3.75],
					"texture": "#particle"
				},
				"up": {
					"uv": [12, 2.5, 16, 3.75],
					"texture": "#particle"
				},
				"down": {
					"uv": [12, 2.5, 16, 3.75],
					"texture": "#particle"
				}
			},
			"type": "cube"
		},
		{
			"name": "cube",
			"from": [4.799999999999999, 11, 17.9],
			"to": [5.9, 12.4, 18.8],
			"faces": {
				"north": {
					"uv": [4, 2.5, 5.5, 4],
					"texture": "#particle"
				},
				"east": {
					"uv": [4, 2.5, 5.5, 4],
					"texture": "#particle"
				},
				"south": {
					"uv": [4, 2.5, 5.5, 4],
					"texture": "#particle"
				},
				"west": {
					"uv": [4, 2.5, 5.5, 4],
					"texture": "#particle"
				},
				"up": {
					"uv": [4, 2.5, 5.5, 4],
					"texture": "#particle"
				},
				"down": {
					"uv": [4, 2.5, 5.5, 4],
					"texture": "#particle"
				}
			},
			"rotation": {
				"origin": [8, 6.5, 10.7],
				"axis": "x",
				"angle": -22.5
			},
			"type": "cube"
		},
		{
			"name": "cube",
			"from": [7.6, 12, 15.7],
			"to": [10.4, 14.799999999999999, 15.8],
			"faces": {
				"north": {
					"uv": [13.25, 2, 14, 2.75],
					"texture": "#particle"
				},
				"east": {
					"uv": [13.25, 2, 14, 2.75],
					"texture": "#particle"
				},
				"south": {
					"uv": [13.75, 0.25, 15.75, 2.25],
					"texture": "#particle"
				},
				"west": {
					"uv": [13.25, 2, 14, 2.75],
					"texture": "#particle"
				},
				"up": {
					"uv": [13.25, 2, 14, 2.75],
					"texture": "#particle"
				},
				"down": {
					"uv": [13.25, 2, 14, 2.75],
					"texture": "#particle"
				}
			},
			"type": "cube"
		},
		{
			"name": "cube",
			"from": [5.6000000000000005, 12.5, 15.7],
			"to": [5.8999999999999995, 12.899999999999999, 16],
			"faces": {
				"north": {
					"uv": [4, 2.5, 5.5, 4],
					"texture": "#particle"
				},
				"east": {
					"uv": [4, 2.5, 5.5, 4],
					"texture": "#particle"
				},
				"south": {
					"uv": [4, 2.5, 5.5, 4],
					"texture": "#particle"
				},
				"west": {
					"uv": [4, 2.5, 5.5, 4],
					"texture": "#particle"
				},
				"up": {
					"uv": [4, 2.5, 5.5, 4],
					"texture": "#particle"
				},
				"down": {
					"uv": [4, 2.5, 5.5, 4],
					"texture": "#particle"
				}
			},
			"type": "cube"
		},
		{
			"name": "cube",
			"from": [4.800000000000001, 12.5, 15.7],
			"to": [5.1, 12.899999999999999, 16],
			"faces": {
				"north": {
					"uv": [4, 2.5, 5.5, 4],
					"texture": "#particle"
				},
				"east": {
					"uv": [4, 2.5, 5.5, 4],
					"texture": "#particle"
				},
				"south": {
					"uv": [4, 2.5, 5.5, 4],
					"texture": "#particle"
				},
				"west": {
					"uv": [4, 2.5, 5.5, 4],
					"texture": "#particle"
				},
				"up": {
					"uv": [4, 2.5, 5.5, 4],
					"texture": "#particle"
				},
				"down": {
					"uv": [4, 2.5, 5.5, 4],
					"texture": "#particle"
				}
			},
			"type": "cube"
		},
		{
			"name": "cube",
			"from": [
				4.800000000000001,
				11.799999999999999,
				15.7
			],
			"to": [5.9, 12.899999999999999, 15.8],
			"faces": {
				"north": {
					"uv": [5.5, 1, 7, 2.5],
					"texture": "#particle"
				},
				"east": {
					"uv": [5.5, 1, 7, 2.5],
					"texture": "#particle"
				},
				"south": {
					"uv": [5.5, 1, 7, 2.5],
					"texture": "#particle"
				},
				"west": {
					"uv": [5.5, 1, 7, 2.5],
					"texture": "#particle"
				},
				"up": {
					"uv": [5.5, 1, 7, 2.5],
					"texture": "#particle"
				},
				"down": {
					"uv": [5.5, 1, 7, 2.5],
					"texture": "#particle"
				}
			},
			"type": "cube"
		},
		{
			"name": "cube",
			"from": [
				4.800000000000001,
				11.799999999999999,
				15.7
			],
			"to": [5.9, 11.999999999999998, 16],
			"faces": {
				"north": {
					"uv": [4, 2.5, 5.5, 4],
					"texture": "#particle"
				},
				"east": {
					"uv": [4, 2.5, 5.5, 4],
					"texture": "#particle"
				},
				"south": {
					"uv": [4, 2.5, 5.5, 4],
					"texture": "#particle"
				},
				"west": {
					"uv": [4, 2.5, 5.5, 4],
					"texture": "#particle"
				},
				"up": {
					"uv": [4, 2.5, 5.5, 4],
					"texture": "#particle"
				},
				"down": {
					"uv": [4, 2.5, 5.5, 4],
					"texture": "#particle"
				}
			},
			"type": "cube"
		},
		{
			"name": "cube",
			"from": [
				4.800000000000001,
				12.899999999999999,
				15.7
			],
			"to": [5.9, 13.099999999999998, 16],
			"faces": {
				"north": {
					"uv": [4, 2.5, 5.5, 4],
					"texture": "#particle"
				},
				"east": {
					"uv": [4, 2.5, 5.5, 4],
					"texture": "#particle"
				},
				"south": {
					"uv": [4, 2.5, 5.5, 4],
					"texture": "#particle"
				},
				"west": {
					"uv": [4, 2.5, 5.5, 4],
					"texture": "#particle"
				},
				"up": {
					"uv": [4, 2.5, 5.5, 4],
					"texture": "#particle"
				},
				"down": {
					"uv": [4, 2.5, 5.5, 4],
					"texture": "#particle"
				}
			},
			"type": "cube"
		},
		{
			"name": "cube",
			"from": [5.9, 11.799999999999999, 15.7],
			"to": [6.1, 13.099999999999998, 16],
			"faces": {
				"north": {
					"uv": [4, 2.5, 5.5, 4],
					"texture": "#particle"
				},
				"east": {
					"uv": [4, 2.5, 5.5, 4],
					"texture": "#particle"
				},
				"south": {
					"uv": [4, 2.5, 5.5, 4],
					"texture": "#particle"
				},
				"west": {
					"uv": [4, 2.5, 5.5, 4],
					"texture": "#particle"
				},
				"up": {
					"uv": [4, 2.5, 5.5, 4],
					"texture": "#particle"
				},
				"down": {
					"uv": [4, 2.5, 5.5, 4],
					"texture": "#particle"
				}
			},
			"type": "cube"
		},
		{
			"name": "cube",
			"from": [4.6, 11.799999999999999, 15.7],
			"to": [4.799999999999999, 13.099999999999998, 16],
			"faces": {
				"north": {
					"uv": [4, 2.5, 5.5, 4],
					"texture": "#particle"
				},
				"east": {
					"uv": [4, 2.5, 5.5, 4],
					"texture": "#particle"
				},
				"south": {
					"uv": [4, 2.5, 5.5, 4],
					"texture": "#particle"
				},
				"west": {
					"uv": [4, 2.5, 5.5, 4],
					"texture": "#particle"
				},
				"up": {
					"uv": [4, 2.5, 5.5, 4],
					"texture": "#particle"
				},
				"down": {
					"uv": [4, 2.5, 5.5, 4],
					"texture": "#particle"
				}
			},
			"type": "cube"
		},
		{
			"name": "cube",
			"from": [4.6, 13.4, 15.7],
			"to": [6.1, 15.1, 16],
			"faces": {
				"north": {
					"uv": [5.5, 1, 7, 2.5],
					"texture": "#particle"
				},
				"east": {
					"uv": [5.5, 1, 7, 2.5],
					"texture": "#particle"
				},
				"south": {
					"uv": [5.5, 1, 7, 2.5],
					"texture": "#particle"
				},
				"west": {
					"uv": [5.5, 1, 7, 2.5],
					"texture": "#particle"
				},
				"up": {
					"uv": [5.5, 1, 7, 2.5],
					"texture": "#particle"
				},
				"down": {
					"uv": [5.5, 1, 7, 2.5],
					"texture": "#particle"
				}
			},
			"type": "cube"
		},
		{
			"name": "cube",
			"from": [4, 5.999999999999998, 6.2],
			"to": [4.599999999999998, 10.8, 6.999999999999999],
			"faces": {
				"north": {
					"uv": [1.25, 0, 2.85, 0.1],
					"texture": "#particle"
				},
				"east": {
					"uv": [0, 0, 4, 0.8],
					"texture": "#particle",
					"rotation": 90
				},
				"south": {
					"uv": [1.25, 0, 2.85, 0.1],
					"texture": "#particle"
				},
				"west": {
					"uv": [1.25, 0, 2.85, 0.1],
					"texture": "#particle"
				},
				"up": {
					"uv": [1.25, 0, 2.85, 0.1],
					"texture": "#particle"
				},
				"down": {
					"uv": [1.25, 0, 2.85, 0.1],
					"texture": "#particle"
				}
			},
			"type": "cube"
		},
		{
			"name": "cube",
			"from": [4, 5.999999999999998, 7.300000000000001],
			"to": [4.599999999999998, 10.8, 8.1],
			"faces": {
				"north": {
					"uv": [1.25, 0, 2.85, 0.1],
					"texture": "#particle"
				},
				"east": {
					"uv": [0, 0, 4, 0.8],
					"texture": "#particle",
					"rotation": 90
				},
				"south": {
					"uv": [1.25, 0, 2.85, 0.1],
					"texture": "#particle"
				},
				"west": {
					"uv": [1.25, 0, 2.85, 0.1],
					"texture": "#particle"
				},
				"up": {
					"uv": [1.25, 0, 2.85, 0.1],
					"texture": "#particle"
				},
				"down": {
					"uv": [1.25, 0, 2.85, 0.1],
					"texture": "#particle"
				}
			},
			"type": "cube"
		},
		{
			"name": "cube",
			"from": [4, 5.999999999999998, 8.5],
			"to": [4.599999999999998, 10.8, 9.299999999999999],
			"faces": {
				"north": {
					"uv": [1.25, 0, 2.85, 0.1],
					"texture": "#particle"
				},
				"east": {
					"uv": [0, 0, 4, 0.8],
					"texture": "#particle",
					"rotation": 90
				},
				"south": {
					"uv": [1.25, 0, 2.85, 0.1],
					"texture": "#particle"
				},
				"west": {
					"uv": [1.25, 0, 2.85, 0.1],
					"texture": "#particle"
				},
				"up": {
					"uv": [1.25, 0, 2.85, 0.1],
					"texture": "#particle"
				},
				"down": {
					"uv": [1.25, 0, 2.85, 0.1],
					"texture": "#particle"
				}
			},
			"type": "cube"
		},
		{
			"name": "cube",
			"from": [4, 4.1999999999999975, 7.6],
			"to": [4.599999999999998, 5.1, 15.299999999999999],
			"faces": {
				"north": {
					"uv": [1.25, 0, 2.85, 0.1],
					"texture": "#particle"
				},
				"east": {
					"uv": [0, 0, 4, 0.8],
					"texture": "#particle"
				},
				"south": {
					"uv": [1.25, 0, 2.85, 0.1],
					"texture": "#particle"
				},
				"west": {
					"uv": [1.25, 0, 2.85, 0.1],
					"texture": "#particle"
				},
				"up": {
					"uv": [1.25, 0, 2.85, 0.1],
					"texture": "#particle"
				},
				"down": {
					"uv": [1.25, 0, 2.85, 0.1],
					"texture": "#particle"
				}
			},
			"type": "cube"
		},
		{
			"name": "cube",
			"from": [4, 1.699999999999998, 7.6],
			"to": [4.599999999999998, 2.6, 15.299999999999999],
			"faces": {
				"north": {
					"uv": [1.25, 0, 2.85, 0.1],
					"texture": "#particle"
				},
				"east": {
					"uv": [0, 0, 4, 0.8],
					"texture": "#particle"
				},
				"south": {
					"uv": [1.25, 0, 2.85, 0.1],
					"texture": "#particle"
				},
				"west": {
					"uv": [1.25, 0, 2.85, 0.1],
					"texture": "#particle"
				},
				"up": {
					"uv": [1.25, 0, 2.85, 0.1],
					"texture": "#particle"
				},
				"down": {
					"uv": [1.25, 0, 2.85, 0.1],
					"texture": "#particle"
				}
			},
			"type": "cube"
		},
		{
			"name": "cube",
			"from": [4, 2.9999999999999982, 7.6],
			"to": [
				4.599999999999998,
				3.9000000000000004,
				15.299999999999999
			],
			"faces": {
				"north": {
					"uv": [1.25, 0, 2.85, 0.1],
					"texture": "#particle"
				},
				"east": {
					"uv": [0, 0, 4, 0.8],
					"texture": "#particle"
				},
				"south": {
					"uv": [1.25, 0, 2.85, 0.1],
					"texture": "#particle"
				},
				"west": {
					"uv": [1.25, 0, 2.85, 0.1],
					"texture": "#particle"
				},
				"up": {
					"uv": [1.25, 0, 2.85, 0.1],
					"texture": "#particle"
				},
				"down": {
					"uv": [1.25, 0, 2.85, 0.1],
					"texture": "#particle"
				}
			},
			"type": "cube"
		},
		{
			"name": "cube",
			"from": [4, 5.999999999999998, 9.6],
			"to": [4.599999999999998, 10.8, 10.399999999999999],
			"faces": {
				"north": {
					"uv": [1.25, 0, 2.85, 0.1],
					"texture": "#particle"
				},
				"east": {
					"uv": [0, 0, 4, 0.8],
					"texture": "#particle",
					"rotation": 90
				},
				"south": {
					"uv": [1.25, 0, 2.85, 0.1],
					"texture": "#particle"
				},
				"west": {
					"uv": [1.25, 0, 2.85, 0.1],
					"texture": "#particle"
				},
				"up": {
					"uv": [1.25, 0, 2.85, 0.1],
					"texture": "#particle"
				},
				"down": {
					"uv": [1.25, 0, 2.85, 0.1],
					"texture": "#particle"
				}
			},
			"type": "cube"
		},
		{
			"name": "cube",
			"from": [4, 6.599999999999998, 10.8],
			"to": [4.599999999999998, 9.6, 13.7],
			"faces": {
				"north": {
					"uv": [4, 1, 5.459375, 1.1],
					"texture": "#particle"
				},
				"east": {
					"uv": [4, 1, 5.46, 2.5],
					"texture": "#particle"
				},
				"south": {
					"uv": [4, 1, 5.459375, 1.1],
					"texture": "#particle"
				},
				"west": {
					"uv": [4, 1, 5.459375, 1.1],
					"texture": "#particle"
				},
				"up": {
					"uv": [4, 1, 5.459375, 1.1],
					"texture": "#particle"
				},
				"down": {
					"uv": [4, 1, 5.459375, 1.1],
					"texture": "#particle"
				}
			},
			"type": "cube"
		},
		{
			"name": "cube",
			"from": [4, 1.3999999999999986, 5.299999999999999],
			"to": [4.399999999999999, 11.5, 15.7],
			"faces": {
				"north": {
					"uv": [4.5, 10, 6.75, 10.5],
					"texture": "#particle",
					"tintindex": 1
				},
				"east": {
					"uv": [4, 8, 8, 12],
					"texture": "#particle",
					"tintindex": 1
				},
				"south": {
					"uv": [4.5, 10, 6.75, 10.5],
					"texture": "#particle",
					"tintindex": 1
				},
				"west": {
					"uv": [4.5, 10, 6.75, 10.5],
					"texture": "#particle",
					"tintindex": 1
				},
				"up": {
					"uv": [4.5, 10, 6.75, 10.5],
					"texture": "#particle",
					"tintindex": 1
				},
				"down": {
					"uv": [4.5, 10, 6.75, 10.5],
					"texture": "#particle",
					"tintindex": 1
				}
			},
			"type": "cube"
		},
		{
			"name": "cube",
			"from": [4.5, 5.300000000000001, 14.9],
			"to": [5, 6.4, 15.9],
			"faces": {
				"north": {
					"uv": [8.75, 2.75, 9.5, 3.75],
					"texture": "#particle",
					"tintindex": 1
				},
				"east": {
					"uv": [8.75, 2.75, 9.5, 3.75],
					"texture": "#particle",
					"tintindex": 1
				},
				"south": {
					"uv": [8.75, 2.75, 9.5, 3.75],
					"texture": "#particle",
					"tintindex": 1
				},
				"west": {
					"uv": [8.75, 2.75, 9.5, 3.75],
					"texture": "#particle",
					"tintindex": 1
				},
				"up": {
					"uv": [8.75, 2.75, 9.5, 3.75],
					"texture": "#particle",
					"tintindex": 1
				},
				"down": {
					"uv": [8.75, 2.75, 9.5, 3.75],
					"texture": "#particle",
					"tintindex": 1
				}
			},
			"type": "cube"
		},
		{
			"name": "cube",
			"from": [4, 5.300000000000001, 14.9],
			"to": [4.5, 6.4, 15.9],
			"faces": {
				"north": {
					"uv": [7.25, 2.75, 8, 3.75],
					"texture": "#particle"
				},
				"east": {
					"uv": [7.25, 2.75, 8, 3.75],
					"texture": "#particle"
				},
				"south": {
					"uv": [7.25, 2.75, 8, 3.75],
					"texture": "#particle"
				},
				"west": {
					"uv": [7.25, 2.75, 8, 3.75],
					"texture": "#particle"
				},
				"up": {
					"uv": [7.25, 2.75, 8, 3.75],
					"texture": "#particle"
				},
				"down": {
					"uv": [7.25, 2.75, 8, 3.75],
					"texture": "#particle"
				}
			},
			"type": "cube"
		},
		{
			"name": "cube",
			"from": [4, 6.6000000000000005, 14.9],
			"to": [5, 7.6000000000000005, 15.9],
			"faces": {
				"north": {
					"uv": [2, 2.5, 3.5, 4],
					"texture": "#particle"
				},
				"east": {
					"uv": [2, 2.5, 3.5, 4],
					"texture": "#particle"
				},
				"south": {
					"uv": [7, 1, 8.5, 2.5],
					"texture": "#particle"
				},
				"west": {
					"uv": [2, 2.5, 3.5, 4],
					"texture": "#particle"
				},
				"up": {
					"uv": [2, 2.5, 3.5, 4],
					"texture": "#particle"
				},
				"down": {
					"uv": [2, 2.5, 3.5, 4],
					"texture": "#particle"
				}
			},
			"type": "cube"
		},
		{
			"name": "cube",
			"from": [4, 7.800000000000001, 14.9],
			"to": [5, 8.8, 15.9],
			"faces": {
				"north": {
					"uv": [2, 2.5, 3.5, 4],
					"texture": "#particle"
				},
				"east": {
					"uv": [2, 2.5, 3.5, 4],
					"texture": "#particle"
				},
				"south": {
					"uv": [7, 1, 8.5, 2.5],
					"texture": "#particle"
				},
				"west": {
					"uv": [2, 2.5, 3.5, 4],
					"texture": "#particle"
				},
				"up": {
					"uv": [2, 2.5, 3.5, 4],
					"texture": "#particle"
				},
				"down": {
					"uv": [2, 2.5, 3.5, 4],
					"texture": "#particle"
				}
			},
			"type": "cube"
		},
		{
			"name": "cube",
			"from": [5.1, 6.6000000000000005, 14.9],
			"to": [6.1, 7.6000000000000005, 15.9],
			"faces": {
				"north": {
					"uv": [2, 2.5, 3.5, 4],
					"texture": "#particle"
				},
				"east": {
					"uv": [2, 2.5, 3.5, 4],
					"texture": "#particle"
				},
				"south": {
					"uv": [7, 1, 8.5, 2.5],
					"texture": "#particle"
				},
				"west": {
					"uv": [2, 2.5, 3.5, 4],
					"texture": "#particle"
				},
				"up": {
					"uv": [2, 2.5, 3.5, 4],
					"texture": "#particle"
				},
				"down": {
					"uv": [2, 2.5, 3.5, 4],
					"texture": "#particle"
				}
			},
			"type": "cube"
		},
		{
			"name": "cube",
			"from": [5.1, 7.800000000000001, 14.9],
			"to": [6.1, 8.8, 15.9],
			"faces": {
				"north": {
					"uv": [2, 2.5, 3.5, 4],
					"texture": "#particle"
				},
				"east": {
					"uv": [2, 2.5, 3.5, 4],
					"texture": "#particle"
				},
				"south": {
					"uv": [7, 1, 8.5, 2.5],
					"texture": "#particle"
				},
				"west": {
					"uv": [2, 2.5, 3.5, 4],
					"texture": "#particle"
				},
				"up": {
					"uv": [2, 2.5, 3.5, 4],
					"texture": "#particle"
				},
				"down": {
					"uv": [2, 2.5, 3.5, 4],
					"texture": "#particle"
				}
			},
			"type": "cube"
		},
		{
			"name": "cube",
			"from": [5.1, 9, 14.9],
			"to": [6.1, 10, 15.9],
			"faces": {
				"north": {
					"uv": [2, 2.5, 3.5, 4],
					"texture": "#particle"
				},
				"east": {
					"uv": [2, 2.5, 3.5, 4],
					"texture": "#particle"
				},
				"south": {
					"uv": [7, 1, 8.5, 2.5],
					"texture": "#particle"
				},
				"west": {
					"uv": [2, 2.5, 3.5, 4],
					"texture": "#particle"
				},
				"up": {
					"uv": [2, 2.5, 3.5, 4],
					"texture": "#particle"
				},
				"down": {
					"uv": [2, 2.5, 3.5, 4],
					"texture": "#particle"
				}
			},
			"type": "cube"
		},
		{
			"name": "cube",
			"from": [4, 9, 14.9],
			"to": [5, 10, 15.9],
			"faces": {
				"north": {
					"uv": [2, 2.5, 3.5, 4],
					"texture": "#particle"
				},
				"east": {
					"uv": [2, 2.5, 3.5, 4],
					"texture": "#particle"
				},
				"south": {
					"uv": [7, 1, 8.5, 2.5],
					"texture": "#particle"
				},
				"west": {
					"uv": [2, 2.5, 3.5, 4],
					"texture": "#particle"
				},
				"up": {
					"uv": [2, 2.5, 3.5, 4],
					"texture": "#particle"
				},
				"down": {
					"uv": [2, 2.5, 3.5, 4],
					"texture": "#particle"
				}
			},
			"type": "cube"
		},
		{
			"name": "cube",
			"from": [10.3, 1, 4.199999999999999],
			"to": [11, 15.7, 4.899999999999999],
			"faces": {
				"north": {
					"uv": [0, 11, 4, 11.75],
					"texture": "#particle",
					"rotation": 90
				},
				"east": {
					"uv": [0, 11, 4, 11.75],
					"texture": "#particle",
					"rotation": 90
				},
				"south": {
					"uv": [0, 11, 4, 11.75],
					"texture": "#particle",
					"rotation": 90
				},
				"west": {
					"uv": [0, 11, 4, 11.75],
					"texture": "#particle",
					"rotation": 90
				},
				"up": {
					"uv": [0, 11, 4, 11.75],
					"texture": "#particle",
					"rotation": 90
				},
				"down": {
					"uv": [0, 11, 4, 11.75],
					"texture": "#particle",
					"rotation": 90
				}
			},
			"type": "cube"
		},
		{
			"name": "cube",
			"from": [4, 1, 4.199999999999999],
			"to": [4.6, 15.7, 4.800000000000001],
			"faces": {
				"north": {
					"uv": [0, 11, 4, 11.75],
					"texture": "#particle",
					"rotation": 90
				},
				"east": {
					"uv": [0, 11, 4, 11.75],
					"texture": "#particle",
					"rotation": 90
				},
				"south": {
					"uv": [0, 11, 4, 11.75],
					"texture": "#particle",
					"rotation": 90
				},
				"west": {
					"uv": [0, 11, 4, 11.75],
					"texture": "#particle",
					"rotation": 90
				},
				"up": {
					"uv": [0, 11, 4, 11.75],
					"texture": "#particle",
					"rotation": 90
				},
				"down": {
					"uv": [0, 11, 4, 11.75],
					"texture": "#particle",
					"rotation": 90
				}
			},
			"type": "cube"
		},
		{
			"name": "cube",
			"from": [4, 12.000000000000002, 0.09999999999999964],
			"to": [11, 13.8, 4.199999999999999],
			"faces": {
				"north": {
					"uv": [8.75, 4.5, 11, 5.25],
					"texture": "#particle"
				},
				"east": {
					"uv": [12.75, 2.5, 15.25, 3.5],
					"texture": "#particle",
					"rotation": 90
				},
				"south": {
					"uv": [12.75, 2.5, 13.25, 3.5],
					"texture": "#particle",
					"rotation": 90
				},
				"west": {
					"uv": [12.75, 2.5, 15.25, 3.5],
					"texture": "#particle",
					"rotation": 90
				},
				"up": {
					"uv": [12.75, 2.5, 15.25, 3.5],
					"texture": "#particle",
					"rotation": 90
				},
				"down": {
					"uv": [12.75, 2.5, 15.25, 3.5],
					"texture": "#particle",
					"rotation": 90
				}
			},
			"type": "cube"
		},
		{
			"name": "cube",
			"from": [4, 4.700000000000001, 1],
			"to": [10.9, 4.9, 4.199999999999999],
			"faces": {
				"north": {
					"uv": [12.75, 2.5, 15.25, 3.5],
					"texture": "#particle",
					"rotation": 90
				},
				"east": {
					"uv": [12.75, 2.5, 15.25, 3.5],
					"texture": "#particle",
					"rotation": 90
				},
				"south": {
					"uv": [12.75, 2.5, 15.25, 3.5],
					"texture": "#particle",
					"rotation": 90
				},
				"west": {
					"uv": [12.75, 2.5, 15.25, 3.5],
					"texture": "#particle",
					"rotation": 90
				},
				"up": {
					"uv": [12.75, 2.5, 15.25, 3.5],
					"texture": "#particle",
					"rotation": 90
				},
				"down": {
					"uv": [12.75, 2.5, 15.25, 3.5],
					"texture": "#particle",
					"rotation": 90
				}
			},
			"type": "cube"
		},
		{
			"name": "cube",
			"from": [4, 3.1000000000000005, 1],
			"to": [10.9, 3.3, 4.199999999999999],
			"faces": {
				"north": {
					"uv": [12.75, 2.5, 15.25, 3.5],
					"texture": "#particle",
					"rotation": 90
				},
				"east": {
					"uv": [12.75, 2.5, 15.25, 3.5],
					"texture": "#particle",
					"rotation": 90
				},
				"south": {
					"uv": [12.75, 2.5, 15.25, 3.5],
					"texture": "#particle",
					"rotation": 90
				},
				"west": {
					"uv": [12.75, 2.5, 15.25, 3.5],
					"texture": "#particle",
					"rotation": 90
				},
				"up": {
					"uv": [12.75, 2.5, 15.25, 3.5],
					"texture": "#particle",
					"rotation": 90
				},
				"down": {
					"uv": [12.75, 2.5, 15.25, 3.5],
					"texture": "#particle",
					"rotation": 90
				}
			},
			"type": "cube"
		},
		{
			"name": "cube",
			"from": [4, 1.4000000000000004, 1],
			"to": [10.9, 1.5999999999999996, 4.199999999999999],
			"faces": {
				"north": {
					"uv": [12.75, 2.5, 15.25, 3.5],
					"texture": "#particle",
					"rotation": 90
				},
				"east": {
					"uv": [12.75, 2.5, 15.25, 3.5],
					"texture": "#particle",
					"rotation": 90
				},
				"south": {
					"uv": [12.75, 2.5, 15.25, 3.5],
					"texture": "#particle",
					"rotation": 90
				},
				"west": {
					"uv": [12.75, 2.5, 15.25, 3.5],
					"texture": "#particle",
					"rotation": 90
				},
				"up": {
					"uv": [12.75, 2.5, 15.25, 3.5],
					"texture": "#particle",
					"rotation": 90
				},
				"down": {
					"uv": [12.75, 2.5, 15.25, 3.5],
					"texture": "#particle",
					"rotation": 90
				}
			},
			"type": "cube"
		},
		{
			"name": "cube",
			"from": [5, 6, -0.09999999999999964],
			"to": [10, 10.9, 0],
			"faces": {
				"north": {
					"uv": [4, 4.25, 7.25, 8],
					"texture": "#particle",
					"tintindex": 1
				},
				"east": {
					"uv": [15.5, 15.25, 16, 16],
					"texture": "#particle",
					"tintindex": 1
				},
				"south": {
					"uv": [15.5, 15.25, 16, 16],
					"texture": "#particle",
					"tintindex": 1
				},
				"west": {
					"uv": [15.5, 15.25, 16, 16],
					"texture": "#particle",
					"tintindex": 1
				},
				"up": {
					"uv": [15.5, 15.25, 16, 16],
					"texture": "#particle",
					"tintindex": 1
				},
				"down": {
					"uv": [15.5, 15.25, 16, 16],
					"texture": "#particle",
					"tintindex": 1
				}
			},
			"type": "cube"
		},
		{
			"name": "cube",
			"from": [5.2, 11.5, -0.09999999999999964],
			"to": [6.1000000000000005, 11.9, 1],
			"faces": {
				"north": {
					"uv": [6, 0, 6.75, 0.75],
					"texture": "#particle"
				},
				"east": {
					"uv": [6, 0, 6.75, 0.75],
					"texture": "#particle"
				},
				"south": {
					"uv": [6, 0, 6.75, 0.75],
					"texture": "#particle"
				},
				"west": {
					"uv": [6, 0, 6.75, 0.75],
					"texture": "#particle"
				},
				"up": {
					"uv": [6, 0, 6.75, 0.75],
					"texture": "#particle"
				},
				"down": {
					"uv": [6, 0, 6.75, 0.75],
					"texture": "#particle"
				}
			},
			"type": "cube"
		},
		{
			"name": "cube",
			"from": [4.2, 11.5, -0.09999999999999964],
			"to": [5.1000000000000005, 11.9, 1],
			"faces": {
				"north": {
					"uv": [5.75, 13.75, 7.5, 15.5],
					"texture": "#particle",
					"tintindex": 1
				},
				"east": {
					"uv": [5.75, 13.75, 7.5, 15.5],
					"texture": "#particle",
					"tintindex": 1
				},
				"south": {
					"uv": [5.75, 13.75, 7.5, 15.5],
					"texture": "#particle",
					"tintindex": 1
				},
				"west": {
					"uv": [5.75, 13.75, 7.5, 15.5],
					"texture": "#particle",
					"tintindex": 1
				},
				"up": {
					"uv": [5.75, 13.75, 7.5, 15.5],
					"texture": "#particle",
					"tintindex": 1
				},
				"down": {
					"uv": [5.75, 13.75, 7.5, 15.5],
					"texture": "#particle",
					"tintindex": 1
				}
			},
			"type": "cube"
		},
		{
			"name": "cube",
			"from": [9.8, 4, -0.09999999999999964],
			"to": [10.8, 5, 1],
			"faces": {
				"north": {
					"uv": [0, 0.75, 1.75, 2.5],
					"texture": "#particle"
				},
				"east": {
					"uv": [0, 0.75, 0.5, 1.25],
					"texture": "#particle"
				},
				"south": {
					"uv": [0, 0.75, 0.5, 1.25],
					"texture": "#particle"
				},
				"west": {
					"uv": [0, 0.75, 0.5, 1.25],
					"texture": "#particle"
				},
				"up": {
					"uv": [0, 0.75, 0.5, 1.25],
					"texture": "#particle"
				},
				"down": {
					"uv": [0, 0.75, 0.5, 1.25],
					"texture": "#particle"
				}
			},
			"type": "cube"
		},
		{
			"name": "cube",
			"from": [
				6.1000000000000005,
				2.0999999999999996,
				4.440892098500626e-16
			],
			"to": [
				7.1000000000000005,
				3.0999999999999996,
				1.0000000000000004
			],
			"faces": {
				"north": {
					"uv": [7, 1, 8.5, 2.5],
					"texture": "#particle"
				},
				"east": {
					"uv": [2, 2.5, 3.5, 4],
					"texture": "#particle"
				},
				"south": {
					"uv": [7, 1, 8.5, 2.5],
					"texture": "#particle"
				},
				"west": {
					"uv": [2, 2.5, 3.5, 4],
					"texture": "#particle"
				},
				"up": {
					"uv": [2, 2.5, 3.5, 4],
					"texture": "#particle"
				},
				"down": {
					"uv": [2, 2.5, 3.5, 4],
					"texture": "#particle"
				}
			},
			"type": "cube"
		},
		{
			"name": "cube",
			"from": [
				7.300000000000001,
				2.0999999999999996,
				4.440892098500626e-16
			],
			"to": [8.3, 3.0999999999999996, 1.0000000000000004],
			"faces": {
				"north": {
					"uv": [7, 1, 8.5, 2.5],
					"texture": "#particle"
				},
				"east": {
					"uv": [2, 2.5, 3.5, 4],
					"texture": "#particle"
				},
				"south": {
					"uv": [7, 1, 8.5, 2.5],
					"texture": "#particle"
				},
				"west": {
					"uv": [2, 2.5, 3.5, 4],
					"texture": "#particle"
				},
				"up": {
					"uv": [2, 2.5, 3.5, 4],
					"texture": "#particle"
				},
				"down": {
					"uv": [2, 2.5, 3.5, 4],
					"texture": "#particle"
				}
			},
			"type": "cube"
		},
		{
			"name": "cube",
			"from": [
				8.5,
				2.0999999999999996,
				4.440892098500626e-16
			],
			"to": [9.5, 3.0999999999999996, 1.0000000000000004],
			"faces": {
				"north": {
					"uv": [7, 1, 8.5, 2.5],
					"texture": "#particle"
				},
				"east": {
					"uv": [2, 2.5, 3.5, 4],
					"texture": "#particle"
				},
				"south": {
					"uv": [7, 1, 8.5, 2.5],
					"texture": "#particle"
				},
				"west": {
					"uv": [2, 2.5, 3.5, 4],
					"texture": "#particle"
				},
				"up": {
					"uv": [2, 2.5, 3.5, 4],
					"texture": "#particle"
				},
				"down": {
					"uv": [2, 2.5, 3.5, 4],
					"texture": "#particle"
				}
			},
			"type": "cube"
		},
		{
			"name": "cube",
			"from": [
				9.7,
				2.0999999999999996,
				4.440892098500626e-16
			],
			"to": [10.7, 3.0999999999999996, 1.0000000000000004],
			"faces": {
				"north": {
					"uv": [7, 1, 8.5, 2.5],
					"texture": "#particle"
				},
				"east": {
					"uv": [2, 2.5, 3.5, 4],
					"texture": "#particle"
				},
				"south": {
					"uv": [7, 1, 8.5, 2.5],
					"texture": "#particle"
				},
				"west": {
					"uv": [2, 2.5, 3.5, 4],
					"texture": "#particle"
				},
				"up": {
					"uv": [2, 2.5, 3.5, 4],
					"texture": "#particle"
				},
				"down": {
					"uv": [2, 2.5, 3.5, 4],
					"texture": "#particle"
				}
			},
			"type": "cube"
		},
		{
			"name": "cube",
			"from": [5.2, 2.100000000000001, 0.2000000000000004],
			"to": [5.7, 3.0000000000000013, 1.2000000000000004],
			"faces": {
				"north": {
					"uv": [8.75, 2.75, 9.5, 3.75],
					"texture": "#particle",
					"tintindex": 1
				},
				"east": {
					"uv": [8.75, 2.75, 9.5, 3.75],
					"texture": "#particle",
					"tintindex": 1
				},
				"south": {
					"uv": [8.75, 2.75, 9.5, 3.75],
					"texture": "#particle",
					"tintindex": 1
				},
				"west": {
					"uv": [8.75, 2.75, 9.5, 3.75],
					"texture": "#particle",
					"tintindex": 1
				},
				"up": {
					"uv": [8.75, 2.75, 9.5, 3.75],
					"texture": "#particle",
					"tintindex": 1
				},
				"down": {
					"uv": [8.75, 2.75, 9.5, 3.75],
					"texture": "#particle",
					"tintindex": 1
				}
			},
			"type": "cube"
		},
		{
			"name": "cube",
			"from": [4.7, 2.100000000000001, 0.2000000000000004],
			"to": [5.2, 3.0000000000000013, 1.2000000000000004],
			"faces": {
				"north": {
					"uv": [7.25, 2.75, 8, 3.75],
					"texture": "#particle"
				},
				"east": {
					"uv": [7.25, 2.75, 8, 3.75],
					"texture": "#particle"
				},
				"south": {
					"uv": [7.25, 2.75, 8, 3.75],
					"texture": "#particle"
				},
				"west": {
					"uv": [7.25, 2.75, 8, 3.75],
					"texture": "#particle"
				},
				"up": {
					"uv": [7.25, 2.75, 8, 3.75],
					"texture": "#particle"
				},
				"down": {
					"uv": [7.25, 2.75, 8, 3.75],
					"texture": "#particle"
				}
			},
			"type": "cube"
		}
	],
	"display": {
		"thirdperson_righthand": {
			"scale": [0.375, 0.375, 0.375],
			"rotation": [75, 45, 0],
			"translation": [0, 2.5, 0]
		},
		"thirdperson_lefthand": {
			"scale": [0.375, 0.375, 0.375],
			"rotation": [75, 45, 0],
			"translation": [0, 2.5, 0]
		},
		"firstperson_righthand": {
			"scale": [0.4, 0.4, 0.4],
			"rotation": [0, 82, 0],
			"translation": [0, 2, 0]
		},
		"firstperson_lefthand": {
			"scale": [0.4, 0.4, 0.4],
			"rotation": [0, 82, 0],
			"translation": [0, 2, 0]
		},
		"head": {
			"scale": [1.225, 1.225, 1.225],
			"rotation": [0, 90, 0],
			"translation": [-2, -1, -2]
		},
		"ground": {
			"scale": [0.675, 0.675, 0.675],
			"translation": [0, 4, 0]
		},
		"fixed": {
			"scale": [1, 1, 1],
			"rotation": [0, 90, 0],
			"translation": [0, 0, -5]
		},
		"gui": {
			"scale": [0.625, 0.625, 0.625],
			"rotation": [30, 225, 0],
			"translation": [0, 0, 0]
		}
	}
}