{
	"credit": "Made with Blockbench, a free, modern block model editor by JannisX11",
	"textures": {"0": "hgm:model/flash_drive"},
	"elements": [
		{
			"name": "cube",
			"from": [6.5, 0, 5],
			"to": [9.5, 1, 15],
			"faces": {
				"north": {
					"uv": [0, 11.2, 3, 12.2],
					"texture": "#0",
					"tintindex": 1
				},
				"east": {
					"uv": [0, 11.2, 10, 12.2],
					"texture": "#0",
					"tintindex": 1
				},
				"south": {
					"uv": [0, 12.8, 3, 13.8],
					"texture": "#0",
					"tintindex": 1
				},
				"west": {
					"uv": [0, 12, 10, 13],
					"texture": "#0",
					"tintindex": 1
				},
				"up": {
					"uv": [9.6, 0, 12.6, 10],
					"texture": "#0",
					"tintindex": 1
				},
				"down": {
					"uv": [0, 0, 3, 10],
					"texture": "#0",
					"tintindex": 1
				}
			},
			"type": "cube"
		},
		{
			"name": "cube",
			"from": [6.5, 0, 1],
			"to": [9.5, 1, 5],
			"faces": {
				"north": {"uv": [2.5, 0, 4, 0.5], "texture": "#0"},
				"east": {"uv": [2, 0, 6, 0.5], "texture": "#0"},
				"south": {"uv": [0, 0, 6, 1], "texture": "#0"},
				"west": {
					"uv": [0, 8.3125, 0.51015625, 10.57265625],
					"texture": "#0"
				},
				"up": {"uv": [0, 0, 9.5, 11], "texture": "#0"},
				"down": {"uv": [0, 11, 9.5, 0], "texture": "#0"}
			},
			"type": "cube"
		},
		{
			"name": "cube",
			"from": [9.5, 0, 5],
			"to": [10.5, 1, 15],
			"faces": {
				"north": {
					"uv": [10.4, 0, 12.200000000000001, 1.8],
					"texture": "#0",
					"tintindex": 1
				},
				"east": {
					"uv": [9.6, 0.8, 12.399999999999999, 1.8],
					"texture": "#0",
					"tintindex": 1
				},
				"south": {
					"uv": [10.4, 0, 11.4, 1.8],
					"texture": "#0",
					"tintindex": 1
				},
				"west": {
					"uv": [0, 0, 14, 1],
					"texture": "#0",
					"tintindex": 1
				},
				"up": {
					"uv": [0, 0, 1, 14],
					"texture": "#0",
					"tintindex": 1
				},
				"down": {
					"uv": [0, 0, 1, 14],
					"texture": "#0",
					"tintindex": 1
				}
			},
			"type": "cube"
		},
		{
			"name": "cube",
			"from": [5.5, 0, 5],
			"to": [6.5, 1, 15],
			"faces": {
				"north": {
					"uv": [10.4, 0.8, 12.200000000000001, 2.6],
					"texture": "#0",
					"tintindex": 1
				},
				"east": {
					"uv": [0, 0, 14, 1],
					"texture": "#0",
					"tintindex": 1
				},
				"south": {
					"uv": [10.4, 3.2, 12.200000000000001, 5],
					"texture": "#0",
					"tintindex": 1
				},
				"west": {
					"uv": [10.4, 0, 12.4, 1],
					"texture": "#0",
					"tintindex": 1
				},
				"up": {
					"uv": [0, 0, 1, 14],
					"texture": "#0",
					"tintindex": 1
				},
				"down": {
					"uv": [0, 0, 1, 14],
					"texture": "#0",
					"tintindex": 1
				}
			},
			"type": "cube"
		},
		{
			"name": "cube",
			"from": [9.5, -1.001, 5.0009999999999994],
			"to": [10.92, -0.2909999999999999, 15.001],
			"faces": {
				"north": {
					"uv": [14.4, 0, 15.81953125, 0.709375],
					"texture": "#0"
				},
				"east": {
					"uv": [0, 0, 13.998, 0.71],
					"texture": "#0"
				},
				"south": {
					"uv": [14.4, 0, 15.81953125, 0.709375],
					"texture": "#0"
				},
				"west": {
					"uv": [0, 0, 13.998, 0.71],
					"texture": "#0"
				},
				"up": {"uv": [0, 0, 1.42, 13.998], "texture": "#0"},
				"down": {
					"uv": [14.4, 0, 15.81953125, 13.99765625],
					"texture": "#0"
				}
			},
			"rotation": {
				"origin": [9.5, -1.001, 5.0009999999999994],
				"axis": "z",
				"angle": 45
			},
			"type": "cube"
		},
		{
			"name": "cube",
			"from": [5.892, -0.96, 5.0009999999999994],
			"to": [6.599, 0.45199999999999996, 15.001],
			"faces": {
				"north": {
					"uv": [14.4, 0, 15.81171875, 0.70625],
					"texture": "#0",
					"rotation": 270
				},
				"east": {
					"uv": [0, 0, 1.412, 13.997999999999998],
					"texture": "#0",
					"rotation": 90
				},
				"south": {
					"uv": [14.4, 0, 15.81171875, 0.70625],
					"texture": "#0",
					"rotation": 90
				},
				"west": {
					"uv": [14.4, 0, 15.81171875, 13.99765625],
					"texture": "#0",
					"rotation": 90
				},
				"up": {
					"uv": [
						0,
						0,
						13.997999999999998,
						0.7069999999999999
					],
					"texture": "#0",
					"rotation": 90
				},
				"down": {
					"uv": [
						0,
						0,
						13.997999999999998,
						0.7069999999999999
					],
					"texture": "#0",
					"rotation": 90
				}
			},
			"rotation": {
				"origin": [
					6.244,
					-0.2499999999999991,
					11.999999999999998
				],
				"axis": "z",
				"angle": 45
			},
			"type": "cube"
		},
		{
			"name": "cube",
			"from": [
				5.542,
				0.8999999999999999,
				5.0009999999999994
			],
			"to": [6.954, 1.6069999999999998, 15.001],
			"faces": {
				"north": {
					"uv": [13.6, 0, 15.01171875, 0.70625],
					"texture": "#0",
					"rotation": 180
				},
				"east": {
					"uv": [
						0,
						0,
						13.997999999999998,
						0.7069999999999999
					],
					"texture": "#0",
					"rotation": 180
				},
				"south": {
					"uv": [14.4, 0, 15.81171875, 0.70625],
					"texture": "#0",
					"rotation": 180
				},
				"west": {
					"uv": [
						0,
						0,
						13.997999999999998,
						0.7069999999999999
					],
					"texture": "#0",
					"rotation": 180
				},
				"up": {
					"uv": [14.4, 0, 15.81171875, 13.99765625],
					"texture": "#0",
					"rotation": 180
				},
				"down": {
					"uv": [0, 0, 1.412, 13.997999999999998],
					"texture": "#0",
					"rotation": 180
				}
			},
			"rotation": {
				"origin": [
					6.252000000000001,
					1.2550000000000003,
					11.999999999999998
				],
				"axis": "z",
				"angle": 45
			},
			"type": "cube"
		},
		{
			"name": "cube",
			"from": [
				9.8,
				0.29000000000000004,
				5.0009999999999994
			],
			"to": [10.8, 1.72, 15.001],
			"faces": {
				"north": {
					"uv": [14.4, 0.8, 15.4, 2.2296875],
					"texture": "#0"
				},
				"east": {
					"uv": [13.6, 0, 14.79765625, 3.0296875],
					"texture": "#0"
				},
				"south": {
					"uv": [14.4, 2.4, 15.4, 3.8296875],
					"texture": "#0"
				},
				"west": {
					"uv": [0, 0, 13.998, 1.43],
					"texture": "#0"
				},
				"up": {"uv": [0, 0, 1, 13.998], "texture": "#0"},
				"down": {"uv": [0, 0, 1, 13.998], "texture": "#0"}
			},
			"rotation": {
				"origin": [
					9.8,
					0.29000000000000004,
					5.0009999999999994
				],
				"axis": "z",
				"angle": 45
			},
			"type": "cube"
		},
		{
			"name": "cube",
			"from": [6.5, -1, 5],
			"to": [9.5, 0, 15],
			"faces": {
				"north": {
					"uv": [13.6, 0, 15.6, 3],
					"texture": "#0"
				},
				"east": {"uv": [0, 0, 14, 3], "texture": "#0"},
				"south": {
					"uv": [13.6, 0, 15.6, 3],
					"texture": "#0"
				},
				"west": {"uv": [0, 0, 14, 3], "texture": "#0"},
				"up": {"uv": [0, 11.2, 9.2, 16.4], "texture": "#0"},
				"down": {
					"uv": [14.4, 8.8, 15.6, 14],
					"texture": "#0"
				}
			},
			"type": "cube"
		},
		{
			"name": "cube",
			"from": [6.5, 1, 5],
			"to": [9.5, 2, 15],
			"faces": {
				"north": {
					"uv": [14.4, 0, 15.6, 3],
					"texture": "#0"
				},
				"east": {"uv": [0, 0, 14, 3], "texture": "#0"},
				"south": {
					"uv": [13.6, 0, 15.6, 3],
					"texture": "#0"
				},
				"west": {"uv": [0, 0, 14, 3], "texture": "#0"},
				"up": {
					"uv": [13.6, 10.4, 15.6, 14],
					"texture": "#0"
				},
				"down": {
					"uv": [0, 11.2, 9.2, 15.6],
					"texture": "#0"
				}
			},
			"type": "cube"
		}
	],
	"display": {
		"thirdperson_righthand": {
			"scale": [0.375, 0.375, 0.375],
			"rotation": [88, 0, 90],
			"translation": [-3, 1.5, 1]
		},
		"thirdperson_lefthand": {
			"scale": [0.375, 0.375, 0.375],
			"rotation": [88, 0, 90],
			"translation": [-3, 1.5, 1]
		},
		"firstperson_righthand": {
			"scale": [0.375, 0.375, 0.375],
			"rotation": [54, 0, 90],
			"translation": [-3, 1.5, 0]
		},
		"firstperson_lefthand": {
			"scale": [0.375, 0.375, 0.375],
			"rotation": [54, 0, 90],
			"translation": [-3, 1.5, 0]
		},
		"ground": {
			"scale": [0.5, 0.5, 0.5],
			"rotation": [0, 0, 0],
			"translation": [0, 2, 0]
		},
		"fixed": {
			"scale": [0.7, 0.7, 0.7],
			"rotation": [91, 0, 0],
			"translation": [0, 0, 4.5]
		},
		"gui": {
			"scale": [0.625, 0.625, 0.625],
			"rotation": [30, 225, 0],
			"translation": [0, 3, 0]
		}
	}
}