{
	"credit": "Made with Blockbench, a free, modern block model editor by JannisX11",
	"ambientocclusion": false,
	"textures": {"0": "hgm:model/minevidia_titan_x"},
	"elements": [
		{
			"name": "cube",
			"from": [14, 2.5, 5.75],
			"to": [14.5, 10, 8],
			"faces": {
				"north": {"uv": [10, 5, 10.5, 8], "texture": "#0"},
				"east": {
					"uv": [0, 0, 6.5, 2],
					"texture": "#0",
					"rotation": 90
				},
				"south": {"uv": [10, 5, 10.5, 8], "texture": "#0"},
				"west": {"uv": [10, 5, 10.5, 8], "texture": "#0"},
				"up": {"uv": [10, 5, 10.5, 8], "texture": "#0"},
				"down": {"uv": [10, 5, 10.5, 8], "texture": "#0"}
			},
			"type": "cube"
		},
		{
			"name": "cube",
			"from": [0, 3, 6],
			"to": [14, 4.5, 7.800000000000001],
			"faces": {
				"north": {"uv": [0, 2, 6.5, 3.9], "texture": "#0"},
				"east": {"uv": [0, 2, 6.5, 3.9], "texture": "#0"},
				"south": {"uv": [0, 2, 6.5, 3.9], "texture": "#0"},
				"west": {"uv": [0, 2, 6.5, 3.9], "texture": "#0"},
				"up": {"uv": [0, 2, 6.5, 3.9], "texture": "#0"},
				"down": {"uv": [0, 2, 6.5, 3.9], "texture": "#0"}
			},
			"type": "cube"
		},
		{
			"name": "cube",
			"from": [1.5999999999999996, 4.5, 6.5],
			"to": [2.0999999999999996, 8.5, 7.9],
			"faces": {
				"north": {
					"uv": [8, 0.5, 8.5, 2.4],
					"texture": "#0"
				},
				"east": {"uv": [8, 0.5, 8.5, 2.4], "texture": "#0"},
				"south": {
					"uv": [8, 0.5, 8.5, 2.4],
					"texture": "#0"
				},
				"west": {"uv": [8, 0.5, 8.5, 2.4], "texture": "#0"},
				"up": {"uv": [8, 0.5, 8.5, 2.4], "texture": "#0"},
				"down": {"uv": [8, 0.5, 8.5, 2.4], "texture": "#0"}
			},
			"type": "cube"
		},
		{
			"name": "cube",
			"from": [2.0999999999999996, 4.5, 6.5],
			"to": [5.1, 5, 7.9],
			"faces": {
				"north": {
					"uv": [8, 0.5, 8.5, 2.4],
					"texture": "#0"
				},
				"east": {"uv": [8, 0.5, 8.5, 2.4], "texture": "#0"},
				"south": {
					"uv": [8, 0.5, 8.5, 2.4],
					"texture": "#0"
				},
				"west": {"uv": [8, 0.5, 8.5, 2.4], "texture": "#0"},
				"up": {"uv": [8, 0.5, 8.5, 2.4], "texture": "#0"},
				"down": {"uv": [8, 0.5, 8.5, 2.4], "texture": "#0"}
			},
			"type": "cube"
		},
		{
			"name": "cube",
			"from": [2.0999999999999996, 8, 6.5],
			"to": [5.1, 8.5, 7.9],
			"faces": {
				"north": {"uv": [8, 0.5, 10.5, 1], "texture": "#0"},
				"east": {"uv": [8, 0.5, 10.5, 1], "texture": "#0"},
				"south": {"uv": [8, 0.5, 10.5, 1], "texture": "#0"},
				"west": {"uv": [8, 0.5, 10.5, 1], "texture": "#0"},
				"up": {"uv": [8, 0.5, 10.5, 1], "texture": "#0"},
				"down": {"uv": [8, 0.5, 10.5, 1], "texture": "#0"}
			},
			"type": "cube"
		},
		{
			"name": "cube",
			"from": [5.1, 4.5, 6.5],
			"to": [5.6, 8.5, 7.9],
			"faces": {
				"north": {
					"uv": [8, 0.5, 8.5, 2.4],
					"texture": "#0"
				},
				"east": {"uv": [8, 0.5, 8.5, 2.4], "texture": "#0"},
				"south": {
					"uv": [8, 0.5, 8.5, 2.4],
					"texture": "#0"
				},
				"west": {"uv": [8, 0.5, 8.5, 2.4], "texture": "#0"},
				"up": {"uv": [8, 0.5, 8.5, 2.4], "texture": "#0"},
				"down": {"uv": [8, 0.5, 8.5, 2.4], "texture": "#0"}
			},
			"type": "cube"
		},
		{
			"name": "cube",
			"from": [2.0999999999999996, 5, 7],
			"to": [5.1, 8, 7.9],
			"faces": {
				"north": {
					"uv": [1.5, 11, 3.5, 12.9],
					"texture": "#0",
					"tintindex": 1
				},
				"east": {
					"uv": [0, 10.5, 6.5, 12.4],
					"texture": "#0",
					"tintindex": 1
				},
				"south": {
					"uv": [0, 10.5, 6.5, 12.4],
					"texture": "#0",
					"tintindex": 1
				},
				"west": {
					"uv": [0, 10.5, 6.5, 12.4],
					"texture": "#0",
					"tintindex": 1
				},
				"up": {
					"uv": [0, 10.5, 6.5, 12.4],
					"texture": "#0",
					"tintindex": 1
				},
				"down": {
					"uv": [0, 10.5, 6.5, 12.4],
					"texture": "#0",
					"tintindex": 1
				}
			},
			"type": "cube"
		},
		{
			"name": "cube",
			"from": [5.600000000000001, 4.5, 6.199999999999999],
			"to": [14, 5.6, 7.9],
			"faces": {
				"north": {
					"uv": [8.5, 4.5, 15, 6.4],
					"texture": "#0"
				},
				"east": {
					"uv": [8.5, 4.5, 15, 6.4],
					"texture": "#0"
				},
				"south": {
					"uv": [8.5, 4.5, 15, 6.4],
					"texture": "#0"
				},
				"west": {
					"uv": [8.5, 4.5, 15, 6.4],
					"texture": "#0"
				},
				"up": {"uv": [8.5, 4.5, 15, 6.4], "texture": "#0"},
				"down": {"uv": [8.5, 4.5, 15, 6.4], "texture": "#0"}
			},
			"type": "cube"
		},
		{
			"name": "cube",
			"from": [5.600000000000003, 5.6000000000000005, 6.5],
			"to": [14.000000000000002, 7.3999999999999995, 7.9],
			"faces": {
				"north": {
					"uv": [0, 10.5, 6.5, 12.4],
					"texture": "#0",
					"tintindex": 1
				},
				"east": {
					"uv": [0, 10.5, 6.5, 12.4],
					"texture": "#0",
					"tintindex": 1
				},
				"south": {
					"uv": [0, 10.5, 6.5, 12.4],
					"texture": "#0",
					"tintindex": 1
				},
				"west": {
					"uv": [0, 10.5, 6.5, 12.4],
					"texture": "#0",
					"tintindex": 1
				},
				"up": {
					"uv": [0, 10.5, 6.5, 12.4],
					"texture": "#0",
					"tintindex": 1
				},
				"down": {
					"uv": [0, 10.5, 6.5, 12.4],
					"texture": "#0",
					"tintindex": 1
				}
			},
			"type": "cube"
		},
		{
			"name": "cube",
			"from": [5.600000000000001, 7.4, 6.199999999999999],
			"to": [14.000000000000002, 8.5, 7.9],
			"faces": {
				"north": {
					"uv": [8.5, 4.5, 15, 6.4],
					"texture": "#0"
				},
				"east": {
					"uv": [8.5, 4.5, 15, 6.4],
					"texture": "#0"
				},
				"south": {
					"uv": [8.5, 4.5, 15, 6.4],
					"texture": "#0"
				},
				"west": {
					"uv": [8.5, 4.5, 15, 6.4],
					"texture": "#0"
				},
				"up": {"uv": [8.5, 4.5, 15, 6.4], "texture": "#0"},
				"down": {"uv": [8.5, 4.5, 15, 6.4], "texture": "#0"}
			},
			"type": "cube"
		},
		{
			"name": "cube",
			"from": [0, 4.5, 6],
			"to": [1.5999999999999996, 8.5, 7.800000000000001],
			"faces": {
				"north": {"uv": [0, 2, 2.5, 6.9], "texture": "#0"},
				"east": {"uv": [0, 2, 2.5, 6.9], "texture": "#0"},
				"south": {"uv": [0, 2, 2.5, 6.9], "texture": "#0"},
				"west": {"uv": [0, 2, 2.5, 6.9], "texture": "#0"},
				"up": {"uv": [0, 2, 2.5, 6.9], "texture": "#0"},
				"down": {"uv": [0, 2, 2.5, 6.9], "texture": "#0"}
			},
			"type": "cube"
		},
		{
			"name": "cube",
			"from": [
				1.299999999999999,
				1.7000000000000002,
				7.800000000000001
			],
			"to": [13.4, 2.500000000000001, 8],
			"faces": {
				"north": {
					"uv": [6.5, 8.5, 16, 9.3],
					"texture": "#0"
				},
				"east": {"uv": [6.5, 8.5, 7, 9.3], "texture": "#0"},
				"south": {
					"uv": [6.5, 8.5, 16, 9.3],
					"texture": "#0"
				},
				"west": {"uv": [6.5, 8.5, 7, 9.3], "texture": "#0"},
				"up": {"uv": [6.5, 8.5, 16, 9.3], "texture": "#0"},
				"down": {"uv": [6.5, 8.5, 16, 9.3], "texture": "#0"}
			},
			"type": "cube"
		},
		{
			"name": "cube",
			"from": [
				0.1999999999999993,
				2.5000000000000018,
				7.800000000000001
			],
			"to": [14, 9.700000000000001, 8],
			"faces": {
				"north": {
					"uv": [6.5, 12.5, 7.5, 14],
					"texture": "#0"
				},
				"east": {
					"uv": [6.5, 12.5, 7.5, 14],
					"texture": "#0"
				},
				"south": {
					"uv": [6.5, 9.5, 16, 14],
					"texture": "#0"
				},
				"west": {
					"uv": [6.5, 12.5, 7.5, 14],
					"texture": "#0"
				},
				"up": {"uv": [6.5, 12.5, 7.5, 14], "texture": "#0"},
				"down": {
					"uv": [6.5, 12.5, 7.5, 14],
					"texture": "#0"
				}
			},
			"type": "cube"
		},
		{
			"name": "cube",
			"from": [0, 8.5, 6],
			"to": [14, 9.9, 7.800000000000001],
			"faces": {
				"north": {"uv": [0, 2, 6.5, 3.9], "texture": "#0"},
				"east": {"uv": [0, 2, 6.5, 3.9], "texture": "#0"},
				"south": {"uv": [0, 2, 6.5, 3.9], "texture": "#0"},
				"west": {"uv": [0, 2, 6.5, 3.9], "texture": "#0"},
				"up": {"uv": [0, 2, 6.5, 3.9], "texture": "#0"},
				"down": {"uv": [0, 2, 6.5, 3.9], "texture": "#0"}
			},
			"type": "cube"
		}
	],
	"display": {
		"head": {
			"rotation": [0, 0, 0],
			"translation": [0, 12, -1]
		},
		"thirdperson_righthand": {
			"scale": [0.375, 0.375, 0.375],
			"rotation": [0, 180, 0],
			"translation": [-0.5, 2, -0.5]
		},
		"thirdperson_lefthand": {
			"scale": [0.375, 0.375, 0.375],
			"rotation": [0, 180, 0],
			"translation": [0.5, 2, -0.5]
		},
		"firstperson_righthand": {
			"scale": [0.375, 0.375, 0.375],
			"rotation": [-6, 180, 15],
			"translation": [-0.5, 3.5, 1.5]
		},
		"firstperson_lefthand": {
			"scale": [0.375, 0.375, 0.375],
			"rotation": [-6, 157, 15],
			"translation": [-0.5, 3.5, 2.5]
		},
		"ground": {
			"scale": [0.725, 0.725, 0.725],
			"rotation": [0, 0, 0],
			"translation": [0, 2.5, 0]
		},
		"fixed": {
			"scale": [1, 1, 1],
			"translation": [0, 2.5, 0]
		},
		"gui": {
			"scale": [0.875, 0.875, 0.875],
			"rotation": [1, 180, 0],
			"translation": [-0.5, 1, 0]
		}
	}
}