{
	"credit": "Made with Blockbench, a free, modern block model editor by JannisX11",
	"textures": {
		"particle": "#="
	},
	"elements": [
		{
			"name": "cube",
			"from": [5.5, 3, 7.199999999999999],
			"to": [6, 7.1, 8.899999999999999],
			"faces": {
				"north": {"uv": [0, 0, 0.5, 4.1], "texture": "#0"},
				"east": {
					"uv": [0, 0, 1.6999999999999993, 4.1],
					"texture": "#0"
				},
				"south": {"uv": [0, 0, 0.5, 4.1], "texture": "#0"},
				"west": {
					"uv": [0, 0, 1.6999999999999993, 4.1],
					"texture": "#0"
				},
				"up": {
					"uv": [0, 0, 0.5, 1.6999999999999993],
					"texture": "#0"
				},
				"down": {
					"uv": [0, 0, 0.5, 1.6999999999999993],
					"texture": "#0"
				}
			},
			"type": "cube"
		},
		{
			"name": "cube",
			"from": [10, 3, 7.199999999999999],
			"to": [10.5, 7.1, 8.9],
			"faces": {
				"north": {"uv": [0, 0, 0.5, 4.1], "texture": "#0"},
				"east": {"uv": [0, 0, 0.5, 4.1], "texture": "#0"},
				"south": {"uv": [0, 0, 0.5, 4.1], "texture": "#0"},
				"west": {"uv": [0, 0, 0.5, 4.1], "texture": "#0"},
				"up": {"uv": [0, 0, 0.5, 4.1], "texture": "#0"},
				"down": {"uv": [0, 0, 0.5, 4.1], "texture": "#0"}
			},
			"type": "cube"
		},
		{
			"name": "cube",
			"from": [5.6, 2.6000000000000005, 7.300000000000001],
			"to": [10.4, 3.000000000000001, 8.8],
			"faces": {
				"north": {"uv": [0, 0, 0.5, 4.1], "texture": "#0"},
				"east": {"uv": [0, 0, 0.5, 4.1], "texture": "#0"},
				"south": {"uv": [0, 0, 0.5, 4.1], "texture": "#0"},
				"west": {"uv": [0, 0, 0.5, 4.1], "texture": "#0"},
				"up": {"uv": [0, 0, 0.5, 4.1], "texture": "#0"},
				"down": {"uv": [0, 0, 0.5, 4.1], "texture": "#0"}
			},
			"type": "cube"
		},
		{
			"name": "cube",
			"from": [5.6, 7.1000000000000005, 7.300000000000001],
			"to": [10.4, 7.500000000000001, 8.8],
			"faces": {
				"north": {"uv": [0, 0, 0.5, 4.1], "texture": "#0"},
				"east": {"uv": [0, 0, 0.5, 4.1], "texture": "#0"},
				"south": {"uv": [0, 0, 0.5, 4.1], "texture": "#0"},
				"west": {"uv": [0, 0, 0.5, 4.1], "texture": "#0"},
				"up": {"uv": [0, 0, 0.5, 4.1], "texture": "#0"},
				"down": {"uv": [0, 0, 0.5, 4.1], "texture": "#0"}
			},
			"type": "cube"
		},
		{
			"name": "cube",
			"from": [6.200000000000001, 7.2, 6.200000000000001],
			"to": [9.8, 7.999999999999999, 6.399999999999999],
			"faces": {
				"north": {
					"uv": [12, 0.5, 13.6, 1.3],
					"texture": "#0"
				},
				"east": {
					"uv": [12, 0.5, 13.6, 1.3],
					"texture": "#0"
				},
				"south": {
					"uv": [12, 0.5, 13.6, 1.3],
					"texture": "#0"
				},
				"west": {
					"uv": [12, 0.5, 13.6, 1.3],
					"texture": "#0"
				},
				"up": {"uv": [12, 0.5, 13.6, 1.3], "texture": "#0"},
				"down": {
					"uv": [12, 0.5, 13.6, 1.3],
					"texture": "#0"
				}
			},
			"type": "cube"
		},
		{
			"name": "cube",
			"from": [6.200000000000001, 7.2, 9.600000000000001],
			"to": [9.8, 7.999999999999999, 9.799999999999999],
			"faces": {
				"north": {
					"uv": [12, 0.5, 13.6, 1.3],
					"texture": "#0"
				},
				"east": {
					"uv": [12, 0.5, 13.6, 1.3],
					"texture": "#0"
				},
				"south": {
					"uv": [12, 0.5, 13.6, 1.3],
					"texture": "#0"
				},
				"west": {
					"uv": [12, 0.5, 13.6, 1.3],
					"texture": "#0"
				},
				"up": {"uv": [12, 0.5, 13.6, 1.3], "texture": "#0"},
				"down": {
					"uv": [12, 0.5, 13.6, 1.3],
					"texture": "#0"
				}
			},
			"type": "cube"
		},
		{
			"name": "cube",
			"from": [9.600000000000001, 7.2, 6.4],
			"to": [9.8, 7.999999999999999, 9.6],
			"faces": {
				"north": {
					"uv": [12, 0.5, 13.6, 1.3],
					"texture": "#0"
				},
				"east": {
					"uv": [12, 0.5, 13.6, 1.3],
					"texture": "#0"
				},
				"south": {
					"uv": [12, 0.5, 13.6, 1.3],
					"texture": "#0"
				},
				"west": {
					"uv": [12, 0.5, 13.6, 1.3],
					"texture": "#0"
				},
				"up": {"uv": [12, 0.5, 13.6, 1.3], "texture": "#0"},
				"down": {
					"uv": [12, 0.5, 13.6, 1.3],
					"texture": "#0"
				}
			},
			"type": "cube"
		},
		{
			"name": "cube",
			"from": [6.200000000000001, 7.2, 6.4],
			"to": [6.4, 7.999999999999999, 9.6],
			"faces": {
				"north": {
					"uv": [12, 0.5, 13.6, 1.3],
					"texture": "#0"
				},
				"east": {
					"uv": [12, 0.5, 13.6, 1.3],
					"texture": "#0"
				},
				"south": {
					"uv": [12, 0.5, 13.6, 1.3],
					"texture": "#0"
				},
				"west": {
					"uv": [12, 0.5, 13.6, 1.3],
					"texture": "#0"
				},
				"up": {"uv": [12, 0.5, 13.6, 1.3], "texture": "#0"},
				"down": {
					"uv": [12, 0.5, 13.6, 1.3],
					"texture": "#0"
				}
			},
			"type": "cube"
		},
		{
			"name": "cube",
			"from": [6.300000000000001, 7.2, 6.300000000000001],
			"to": [9.7, 7.8, 9.7],
			"faces": {
				"north": {
					"uv": [
						0,
						0,
						3.3999999999999986,
						0.5999999999999996
					],
					"texture": "#missing"
				},
				"east": {
					"uv": [
						0,
						0,
						3.3999999999999986,
						0.5999999999999996
					],
					"texture": "#missing"
				},
				"south": {
					"uv": [
						0,
						0,
						3.3999999999999986,
						0.5999999999999996
					],
					"texture": "#missing"
				},
				"west": {
					"uv": [
						0,
						0,
						3.3999999999999986,
						0.5999999999999996
					],
					"texture": "#missing"
				},
				"up": {
					"uv": [6.5, 0.5, 9.9, 3.9],
					"texture": "#0",
					"rotation": 180
				},
				"down": {
					"uv": [
						0,
						0,
						3.3999999999999986,
						3.3999999999999986
					],
					"texture": "#missing"
				}
			},
			"type": "cube"
		},
		{
			"name": "cube",
			"from": [6, 7.000000000000001, 6],
			"to": [10, 7.7, 10],
			"faces": {
				"north": {"uv": [0, 0, 0.5, 4.1], "texture": "#0"},
				"east": {"uv": [0, 0, 0.5, 4.1], "texture": "#0"},
				"south": {"uv": [0, 0, 0.5, 4.1], "texture": "#0"},
				"west": {"uv": [0, 0, 0.5, 4.1], "texture": "#0"},
				"up": {"uv": [0, 0, 0.5, 4.1], "texture": "#0"},
				"down": {"uv": [0, 0, 0.5, 4.1], "texture": "#0"}
			},
			"type": "cube"
		},
		{
			"name": "cube",
			"from": [6, 2.5, 7.199999999999999],
			"to": [10, 3.0999999999999996, 8.9],
			"faces": {
				"north": {"uv": [0, 0, 0.5, 4.1], "texture": "#0"},
				"east": {"uv": [0, 0, 0.5, 4.1], "texture": "#0"},
				"south": {"uv": [0, 0, 0.5, 4.1], "texture": "#0"},
				"west": {"uv": [0, 0, 0.5, 4.1], "texture": "#0"},
				"up": {"uv": [0, 0, 0.5, 4.1], "texture": "#0"},
				"down": {"uv": [0, 0, 0.5, 4.1], "texture": "#0"}
			},
			"type": "cube"
		}
	],
	"display": {
		"thirdperson_righthand": {
			"scale": [1, 1, 1],
			"translation": [0, 1, 2.5]
		},
		"thirdperson_lefthand": {
			"scale": [1, 1, 1],
			"rotation": [0, 0, 0],
			"translation": [0, 1, 2.5]
		},
		"firstperson_righthand": {
			"translation": [1.5, 2.5, 1],
			"rotation": [-16, 0, 29],
			"scale": [1.525, 1.525, 1.15]
		},
		"firstperson_lefthand": {
			"scale": [1.525, 1.525, 1.15],
			"rotation": [-16, 0, 29],
			"translation": [2.5, 2, 0]
		},
		"ground": {
			"scale": [1, 1, 1],
			"translation": [0, 2, 0]
		},
		"fixed": {
			"scale": [1.675, 1.675, 1.675],
			"rotation": [-25, 6, 0],
			"translation": [0.5, 2, -3.5]
		},
		"gui": {
			"scale": [1.225, 1.225, 1.225],
			"rotation": [30, 225, 0],
			"translation": [0, 2.5, 0]
		}
	}
}