{
	"credit": "Made with Blockbench, a free, modern block model editor by JannisX11",
	"textures": {
		"0": "Pictures/plastic (1)",
		"particle": "Pictures/plastic (1)"
	},
	"elements": [
		{
			"name": "plastic (1)_0",
			"from": [10, 0, 2],
			"to": [12, 1, 12],
			"faces": {
				"north": {"uv": [12, 2, 10, 3], "texture": "#0"},
				"east": {
					"uv": [11, 2, 12, 12],
					"texture": "#0",
					"rotation": 90
				},
				"south": {"uv": [10, 11, 12, 12], "texture": "#0"},
				"west": {
					"uv": [10, 2, 11, 12],
					"texture": "#0",
					"rotation": 270
				},
				"up": {"uv": [10, 2, 12, 12], "texture": "#0"},
				"down": {"uv": [10, 12, 12, 2], "texture": "#0"}
			},
			"type": "cube"
		},
		{
			"name": "plastic (1)_1",
			"from": [7, 0, 3],
			"to": [10, 1, 12],
			"faces": {
				"north": {"uv": [10, 3, 7, 4], "texture": "#0"},
				"east": {
					"uv": [9, 3, 10, 12],
					"texture": "#0",
					"rotation": 90
				},
				"south": {"uv": [7, 11, 10, 12], "texture": "#0"},
				"west": {
					"uv": [7, 3, 8, 12],
					"texture": "#0",
					"rotation": 270
				},
				"up": {"uv": [7, 3, 10, 12], "texture": "#0"},
				"down": {"uv": [7, 12, 10, 3], "texture": "#0"}
			},
			"type": "cube"
		},
		{
			"name": "plastic (1)_2",
			"from": [12, 0, 3],
			"to": [13, 1, 11],
			"faces": {
				"north": {"uv": [13, 3, 12, 4], "texture": "#0"},
				"east": {
					"uv": [12, 3, 13, 11],
					"texture": "#0",
					"rotation": 90
				},
				"south": {"uv": [12, 10, 13, 11], "texture": "#0"},
				"west": {
					"uv": [12, 3, 13, 11],
					"texture": "#0",
					"rotation": 270
				},
				"up": {"uv": [12, 3, 13, 11], "texture": "#0"},
				"down": {"uv": [12, 11, 13, 3], "texture": "#0"}
			},
			"type": "cube"
		},
		{
			"name": "plastic (1)_3",
			"from": [4, 0, 4],
			"to": [7, 1, 13],
			"faces": {
				"north": {"uv": [7, 4, 4, 5], "texture": "#0"},
				"east": {
					"uv": [6, 4, 7, 13],
					"texture": "#0",
					"rotation": 90
				},
				"south": {"uv": [4, 12, 7, 13], "texture": "#0"},
				"west": {
					"uv": [4, 4, 5, 13],
					"texture": "#0",
					"rotation": 270
				},
				"up": {"uv": [4, 4, 7, 13], "texture": "#0"},
				"down": {"uv": [4, 13, 7, 4], "texture": "#0"}
			},
			"type": "cube"
		},
		{
			"name": "plastic (1)_4",
			"from": [13, 0, 4],
			"to": [14, 1, 11],
			"faces": {
				"north": {"uv": [14, 4, 13, 5], "texture": "#0"},
				"east": {
					"uv": [13, 4, 14, 11],
					"texture": "#0",
					"rotation": 90
				},
				"south": {"uv": [13, 10, 14, 11], "texture": "#0"},
				"west": {
					"uv": [13, 4, 14, 11],
					"texture": "#0",
					"rotation": 270
				},
				"up": {"uv": [13, 4, 14, 11], "texture": "#0"},
				"down": {"uv": [13, 11, 14, 4], "texture": "#0"}
			},
			"type": "cube"
		},
		{
			"name": "plastic (1)_5",
			"from": [1, 0, 5],
			"to": [4, 1, 12],
			"faces": {
				"north": {"uv": [4, 5, 1, 6], "texture": "#0"},
				"east": {
					"uv": [3, 5, 4, 12],
					"texture": "#0",
					"rotation": 90
				},
				"south": {"uv": [1, 11, 4, 12], "texture": "#0"},
				"west": {
					"uv": [1, 5, 2, 12],
					"texture": "#0",
					"rotation": 270
				},
				"up": {"uv": [1, 5, 4, 12], "texture": "#0"},
				"down": {"uv": [1, 12, 4, 5], "texture": "#0"}
			},
			"type": "cube"
		},
		{
			"name": "plastic (1)_6",
			"from": [14, 0, 5],
			"to": [15, 1, 11],
			"faces": {
				"north": {"uv": [15, 5, 14, 6], "texture": "#0"},
				"east": {
					"uv": [14, 5, 15, 11],
					"texture": "#0",
					"rotation": 90
				},
				"south": {"uv": [14, 10, 15, 11], "texture": "#0"},
				"west": {
					"uv": [14, 5, 15, 11],
					"texture": "#0",
					"rotation": 270
				},
				"up": {"uv": [14, 5, 15, 11], "texture": "#0"},
				"down": {"uv": [14, 11, 15, 5], "texture": "#0"}
			},
			"type": "cube"
		},
		{
			"name": "plastic (1)_7",
			"from": [0, 0, 6],
			"to": [1, 1, 11],
			"faces": {
				"north": {"uv": [1, 6, 0, 7], "texture": "#0"},
				"east": {
					"uv": [0, 6, 1, 11],
					"texture": "#0",
					"rotation": 90
				},
				"south": {"uv": [0, 10, 1, 11], "texture": "#0"},
				"west": {
					"uv": [0, 6, 1, 11],
					"texture": "#0",
					"rotation": 270
				},
				"up": {"uv": [0, 6, 1, 11], "texture": "#0"},
				"down": {"uv": [0, 11, 1, 6], "texture": "#0"}
			},
			"type": "cube"
		},
		{
			"name": "plastic (1)_8",
			"from": [15, 0, 6],
			"to": [16, 1, 10],
			"faces": {
				"north": {"uv": [16, 6, 15, 7], "texture": "#0"},
				"east": {
					"uv": [15, 6, 16, 10],
					"texture": "#0",
					"rotation": 90
				},
				"south": {"uv": [15, 9, 16, 10], "texture": "#0"},
				"west": {
					"uv": [15, 6, 16, 10],
					"texture": "#0",
					"rotation": 270
				},
				"up": {"uv": [15, 6, 16, 10], "texture": "#0"},
				"down": {"uv": [15, 10, 16, 6], "texture": "#0"}
			},
			"type": "cube"
		},
		{
			"name": "plastic (1)_9",
			"from": [2, 0, 12],
			"to": [4, 1, 13],
			"faces": {
				"north": {"uv": [4, 12, 2, 13], "texture": "#0"},
				"east": {
					"uv": [3, 12, 4, 13],
					"texture": "#0",
					"rotation": 90
				},
				"south": {"uv": [2, 12, 4, 13], "texture": "#0"},
				"west": {
					"uv": [2, 12, 3, 13],
					"texture": "#0",
					"rotation": 270
				},
				"up": {"uv": [2, 12, 4, 13], "texture": "#0"},
				"down": {"uv": [2, 13, 4, 12], "texture": "#0"}
			},
			"type": "cube"
		},
		{
			"name": "plastic (1)_10",
			"from": [7, 0, 12],
			"to": [9, 1, 13],
			"faces": {
				"north": {"uv": [9, 12, 7, 13], "texture": "#0"},
				"east": {
					"uv": [8, 12, 9, 13],
					"texture": "#0",
					"rotation": 90
				},
				"south": {"uv": [7, 12, 9, 13], "texture": "#0"},
				"west": {
					"uv": [7, 12, 8, 13],
					"texture": "#0",
					"rotation": 270
				},
				"up": {"uv": [7, 12, 9, 13], "texture": "#0"},
				"down": {"uv": [7, 13, 9, 12], "texture": "#0"}
			},
			"type": "cube"
		},
		{
			"name": "plastic (1)_11",
			"from": [3, 0, 13],
			"to": [6, 1, 14],
			"faces": {
				"north": {"uv": [6, 13, 3, 14], "texture": "#0"},
				"east": {
					"uv": [5, 13, 6, 14],
					"texture": "#0",
					"rotation": 90
				},
				"south": {"uv": [3, 13, 6, 14], "texture": "#0"},
				"west": {
					"uv": [3, 13, 4, 14],
					"texture": "#0",
					"rotation": 270
				},
				"up": {"uv": [3, 13, 6, 14], "texture": "#0"},
				"down": {"uv": [3, 14, 6, 13], "texture": "#0"}
			},
			"type": "cube"
		}
	]
}