{
	"credit": "Made with Blockbench, a free, modern block model editor by JannisX11",
	"ambientocclusion": false,
	"textures": {
		"0": "hgm:model/minestone_ram"
	},
	"elements": [
		{
			"name": "cube",
			"from": [
				7.450000000000001,
				4.299999999999999,
				13.24
			],
			"to": [8.299999999999999, 6.799999999999999, 13.69],
			"faces": {
				"north": {
					"uv": [1.5, 3.5, 2.45, 5],
					"texture": "#0"
				},
				"east": {
					"uv": [1.5, 3.5, 2.45, 5],
					"texture": "#0"
				},
				"south": {
					"uv": [1.5, 3.5, 2.45, 5],
					"texture": "#0"
				},
				"west": {
					"uv": [1.5, 3.5, 2.45, 5],
					"texture": "#0"
				},
				"up": {"uv": [1.5, 3.5, 2.45, 4], "texture": "#0"},
				"down": {"uv": [1.5, 3.5, 2.45, 4], "texture": "#0"}
			},
			"type": "cube"
		},
		{
			"name": "cube",
			"from": [7.450000000000001, 4.299999999999999, 2.55],
			"to": [
				8.299999999999999,
				6.799999999999999,
				2.999999999999999
			],
			"faces": {
				"north": {
					"uv": [1.5, 3.5, 2.45, 5],
					"texture": "#0"
				},
				"east": {
					"uv": [1.5, 3.5, 2.45, 5],
					"texture": "#0"
				},
				"south": {
					"uv": [1.5, 3.5, 2.45, 5],
					"texture": "#0"
				},
				"west": {
					"uv": [1.5, 3.5, 2.45, 5],
					"texture": "#0"
				},
				"up": {"uv": [1.5, 3.5, 2.45, 4], "texture": "#0"},
				"down": {"uv": [1.5, 3.5, 2.45, 4], "texture": "#0"}
			},
			"type": "cube"
		},
		{
			"name": "cube",
			"from": [7.550000000000001, 4.5, 3],
			"to": [8.2, 6.799999999999999, 13.25],
			"faces": {
				"north": {
					"uv": [1.5, 3.5, 2.45, 5],
					"texture": "#0"
				},
				"east": {
					"uv": [1.5, 3.5, 5.95, 5],
					"texture": "#0"
				},
				"south": {
					"uv": [1.5, 3.5, 2.45, 5],
					"texture": "#0"
				},
				"west": {
					"uv": [1.5, 3.5, 5.95, 5],
					"texture": "#0"
				},
				"up": {"uv": [1.5, 3.5, 2.45, 5], "texture": "#0"},
				"down": {"uv": [1.5, 3.5, 2.45, 5], "texture": "#0"}
			},
			"type": "cube"
		},
		{
			"name": "cube",
			"from": [7.75, 4, 3],
			"to": [8, 6.5, 13.25],
			"faces": {
				"north": {
					"uv": [0, 0, 0.30000000000000004, 1],
					"texture": "#0"
				},
				"east": {
					"uv": [0, 0, 8.95, 0.5],
					"texture": "#0",
					"rotation": 180
				},
				"south": {"uv": [0.5, 0, 0.8, 1], "texture": "#0"},
				"west": {"uv": [0, 0, 8.95, 0.5], "texture": "#0"},
				"up": {"uv": [0, 0, 8.95, 0.5], "texture": "#0"},
				"down": {
					"uv": [0, 0, 8.95, 0.5],
					"texture": "#0",
					"rotation": 270
				}
			},
			"type": "cube"
		},
		{
			"name": "cube",
			"from": [7.540000000000001, 4.800000000000001, 8.25],
			"to": [
				7.700000000000001,
				5.899999999999999,
				10.599999999999998
			],
			"faces": {
				"north": {
					"uv": [11.5, 2, 15.85, 5.6],
					"texture": "#0"
				},
				"east": {
					"uv": [11.5, 2, 15.85, 5.6],
					"texture": "#0"
				},
				"south": {
					"uv": [11.5, 2, 15.85, 5.6],
					"texture": "#0"
				},
				"west": {
					"uv": [1.5, 5, 9.85, 9.1],
					"texture": "#0"
				},
				"up": {
					"uv": [11.5, 2, 15.85, 5.6],
					"texture": "#0",
					"rotation": 180
				},
				"down": {
					"uv": [11.5, 2, 15.85, 5.6],
					"texture": "#0",
					"rotation": 180
				}
			},
			"rotation": {
				"origin": [7.750000000000002, 8, 8],
				"axis": "y",
				"angle": 0
			},
			"type": "cube"
		},
		{
			"name": "cube",
			"from": [
				7.540000000000001,
				4.800000000000001,
				10.649999999999999
			],
			"to": [
				8.100000000000001,
				5.899999999999999,
				12.799999999999999
			],
			"faces": {
				"north": {
					"uv": [11.5, 2, 15.85, 5.6],
					"texture": "#0"
				},
				"east": {
					"uv": [11.5, 2, 15.85, 5.6],
					"texture": "#0"
				},
				"south": {
					"uv": [11.5, 2, 15.85, 5.6],
					"texture": "#0"
				},
				"west": {
					"uv": [2, 9.5, 10.05, 13.1],
					"texture": "#0"
				},
				"up": {
					"uv": [11.5, 2, 15.85, 5.6],
					"texture": "#0",
					"rotation": 180
				},
				"down": {
					"uv": [11.5, 2, 15.85, 5.6],
					"texture": "#0",
					"rotation": 180
				}
			},
			"rotation": {
				"origin": [7.750000000000002, 8, 8],
				"axis": "y",
				"angle": 0
			},
			"type": "cube"
		},
		{
			"name": "cube",
			"from": [7.65, 4.800000000000001, 5.400000000000001],
			"to": [8.21, 5.899999999999999, 7.750000000000001],
			"faces": {
				"north": {
					"uv": [11.5, 2, 15.85, 5.6],
					"texture": "#0"
				},
				"east": {
					"uv": [1.5, 5, 9.85, 9.1],
					"texture": "#0"
				},
				"south": {
					"uv": [11.5, 2, 15.85, 5.6],
					"texture": "#0"
				},
				"west": {
					"uv": [11.5, 2, 15.85, 5.6],
					"texture": "#0"
				},
				"up": {
					"uv": [11.5, 2, 15.85, 5.6],
					"texture": "#0"
				},
				"down": {
					"uv": [11.5, 2, 15.85, 5.6],
					"texture": "#0"
				}
			},
			"type": "cube"
		},
		{
			"name": "cube",
			"from": [7.65, 4.800000000000001, 3.200000000000001],
			"to": [8.21, 5.899999999999999, 5.350000000000001],
			"faces": {
				"north": {
					"uv": [11.5, 2, 15.85, 5.6],
					"texture": "#0"
				},
				"east": {
					"uv": [2, 9.5, 10.05, 13.1],
					"texture": "#0"
				},
				"south": {
					"uv": [11.5, 2, 15.85, 5.6],
					"texture": "#0"
				},
				"west": {
					"uv": [11.5, 2, 15.85, 5.6],
					"texture": "#0"
				},
				"up": {
					"uv": [11.5, 2, 15.85, 5.6],
					"texture": "#0"
				},
				"down": {
					"uv": [11.5, 2, 15.85, 5.6],
					"texture": "#0"
				}
			},
			"type": "cube"
		}
	],
	"groups": [
		0,
		1,
		2,
		3,
		{
			"name": "group",
			"isOpen": true,
			"display": {"visibility": true, "autouv": true},
			"children": [4, 5]
		},
		{
			"name": "group",
			"display": {"visibility": true, "autouv": true},
			"children": [6, 7]
		}
	],
	"display": {
		"thirdperson_righthand": {
			"scale": [0.375, 0.375, 0.375],
			"rotation": [-92, 180, -98],
			"translation": [-0.5, 1.5, 0.5]
		},
		"thirdperson_lefthand": {
			"scale": [0.375, 0.375, 0.375],
			"rotation": [-92, 180, -98],
			"translation": [-0.5, 1.5, 0.5]
		},
		"firstperson_righthand": {
			"scale": [0.375, 0.375, 0.375],
			"rotation": [-92, 180, -98],
			"translation": [-0.5, 1.5, 0]
		},
		"firstperson_lefthand": {
			"scale": [0.375, 0.375, 0.375],
			"rotation": [-92, 180, -98],
			"translation": [-0.5, 1.5, 0]
		},
		"head": {
			"scale": [1, 1, 1],
			"rotation": [0, 180, -90],
			"translation": [-10, 3.5, 0]
		},
		"ground": {
			"scale": [1, 1, 1],
			"translation": [0, 1.5, 0]
		},
		"fixed": {
			"scale": [1.225, 1.225, 1.225],
			"rotation": [0, 90, 0],
			"translation": [0, 1.5, -0.5]
		},
		"gui": {
			"scale": [1.225, 1.225, 1.225],
			"rotation": [0, -90, 0],
			"translation": [0, 1.5, 0]
		}
	}
}