{
	"credit": "Made with Blockbench, a free, modern block model editor by JannisX11",
	"textures": {
		"0": "Pictures/rawplastic",
		"particle": "Pictures/rawplastic"
	},
	"elements": [
		{
			"name": "rawplastic_0",
			"from": [7, 0, 3],
			"to": [9, 1, 14],
			"faces": {
				"north": {"uv": [9, 3, 7, 4], "texture": "#0"},
				"east": {
					"uv": [8, 3, 9, 14],
					"texture": "#0",
					"rotation": 90
				},
				"south": {"uv": [7, 13, 9, 14], "texture": "#0"},
				"west": {
					"uv": [7, 3, 8, 14],
					"texture": "#0",
					"rotation": 270
				},
				"up": {"uv": [7, 3, 9, 14], "texture": "#0"},
				"down": {"uv": [7, 14, 9, 3], "texture": "#0"}
			},
			"type": "cube"
		},
		{
			"name": "rawplastic_1",
			"from": [6, 0, 4],
			"to": [7, 1, 14],
			"faces": {
				"north": {"uv": [7, 4, 6, 5], "texture": "#0"},
				"east": {
					"uv": [6, 4, 7, 14],
					"texture": "#0",
					"rotation": 90
				},
				"south": {"uv": [6, 13, 7, 14], "texture": "#0"},
				"west": {
					"uv": [6, 4, 7, 14],
					"texture": "#0",
					"rotation": 270
				},
				"up": {"uv": [6, 4, 7, 14], "texture": "#0"},
				"down": {"uv": [6, 14, 7, 4], "texture": "#0"}
			},
			"type": "cube"
		},
		{
			"name": "rawplastic_2",
			"from": [9, 0, 4],
			"to": [10, 1, 14],
			"faces": {
				"north": {"uv": [10, 4, 9, 5], "texture": "#0"},
				"east": {
					"uv": [9, 4, 10, 14],
					"texture": "#0",
					"rotation": 90
				},
				"south": {"uv": [9, 13, 10, 14], "texture": "#0"},
				"west": {
					"uv": [9, 4, 10, 14],
					"texture": "#0",
					"rotation": 270
				},
				"up": {"uv": [9, 4, 10, 14], "texture": "#0"},
				"down": {"uv": [9, 14, 10, 4], "texture": "#0"}
			},
			"type": "cube"
		},
		{
			"name": "rawplastic_3",
			"from": [5, 0, 5],
			"to": [6, 1, 13],
			"faces": {
				"north": {"uv": [6, 5, 5, 6], "texture": "#0"},
				"east": {
					"uv": [5, 5, 6, 13],
					"texture": "#0",
					"rotation": 90
				},
				"south": {"uv": [5, 12, 6, 13], "texture": "#0"},
				"west": {
					"uv": [5, 5, 6, 13],
					"texture": "#0",
					"rotation": 270
				},
				"up": {"uv": [5, 5, 6, 13], "texture": "#0"},
				"down": {"uv": [5, 13, 6, 5], "texture": "#0"}
			},
			"type": "cube"
		},
		{
			"name": "rawplastic_4",
			"from": [10, 0, 5],
			"to": [11, 1, 13],
			"faces": {
				"north": {"uv": [11, 5, 10, 6], "texture": "#0"},
				"east": {
					"uv": [10, 5, 11, 13],
					"texture": "#0",
					"rotation": 90
				},
				"south": {"uv": [10, 12, 11, 13], "texture": "#0"},
				"west": {
					"uv": [10, 5, 11, 13],
					"texture": "#0",
					"rotation": 270
				},
				"up": {"uv": [10, 5, 11, 13], "texture": "#0"},
				"down": {"uv": [10, 13, 11, 5], "texture": "#0"}
			},
			"type": "cube"
		},
		{
			"name": "rawplastic_5",
			"from": [4, 0, 6],
			"to": [5, 1, 13],
			"faces": {
				"north": {"uv": [5, 6, 4, 7], "texture": "#0"},
				"east": {
					"uv": [4, 6, 5, 13],
					"texture": "#0",
					"rotation": 90
				},
				"south": {"uv": [4, 12, 5, 13], "texture": "#0"},
				"west": {
					"uv": [4, 6, 5, 13],
					"texture": "#0",
					"rotation": 270
				},
				"up": {"uv": [4, 6, 5, 13], "texture": "#0"},
				"down": {"uv": [4, 13, 5, 6], "texture": "#0"}
			},
			"type": "cube"
		},
		{
			"name": "rawplastic_6",
			"from": [11, 0, 6],
			"to": [12, 1, 13],
			"faces": {
				"north": {"uv": [12, 6, 11, 7], "texture": "#0"},
				"east": {
					"uv": [11, 6, 12, 13],
					"texture": "#0",
					"rotation": 90
				},
				"south": {"uv": [11, 12, 12, 13], "texture": "#0"},
				"west": {
					"uv": [11, 6, 12, 13],
					"texture": "#0",
					"rotation": 270
				},
				"up": {"uv": [11, 6, 12, 13], "texture": "#0"},
				"down": {"uv": [11, 13, 12, 6], "texture": "#0"}
			},
			"type": "cube"
		},
		{
			"name": "rawplastic_7",
			"from": [3, 0, 7],
			"to": [4, 1, 12],
			"faces": {
				"north": {"uv": [4, 7, 3, 8], "texture": "#0"},
				"east": {
					"uv": [3, 7, 4, 12],
					"texture": "#0",
					"rotation": 90
				},
				"south": {"uv": [3, 11, 4, 12], "texture": "#0"},
				"west": {
					"uv": [3, 7, 4, 12],
					"texture": "#0",
					"rotation": 270
				},
				"up": {"uv": [3, 7, 4, 12], "texture": "#0"},
				"down": {"uv": [3, 12, 4, 7], "texture": "#0"}
			},
			"type": "cube"
		},
		{
			"name": "rawplastic_8",
			"from": [12, 0, 7],
			"to": [13, 1, 12],
			"faces": {
				"north": {"uv": [13, 7, 12, 8], "texture": "#0"},
				"east": {
					"uv": [12, 7, 13, 12],
					"texture": "#0",
					"rotation": 90
				},
				"south": {"uv": [12, 11, 13, 12], "texture": "#0"},
				"west": {
					"uv": [12, 7, 13, 12],
					"texture": "#0",
					"rotation": 270
				},
				"up": {"uv": [12, 7, 13, 12], "texture": "#0"},
				"down": {"uv": [12, 12, 13, 7], "texture": "#0"}
			},
			"type": "cube"
		},
		{
			"name": "rawplastic_9",
			"from": [2, 0, 8],
			"to": [3, 1, 11],
			"faces": {
				"north": {"uv": [3, 8, 2, 9], "texture": "#0"},
				"east": {
					"uv": [2, 8, 3, 11],
					"texture": "#0",
					"rotation": 90
				},
				"south": {"uv": [2, 10, 3, 11], "texture": "#0"},
				"west": {
					"uv": [2, 8, 3, 11],
					"texture": "#0",
					"rotation": 270
				},
				"up": {"uv": [2, 8, 3, 11], "texture": "#0"},
				"down": {"uv": [2, 11, 3, 8], "texture": "#0"}
			},
			"type": "cube"
		},
		{
			"name": "rawplastic_10",
			"from": [13, 0, 8],
			"to": [14, 1, 11],
			"faces": {
				"north": {"uv": [14, 8, 13, 9], "texture": "#0"},
				"east": {
					"uv": [13, 8, 14, 11],
					"texture": "#0",
					"rotation": 90
				},
				"south": {"uv": [13, 10, 14, 11], "texture": "#0"},
				"west": {
					"uv": [13, 8, 14, 11],
					"texture": "#0",
					"rotation": 270
				},
				"up": {"uv": [13, 8, 14, 11], "texture": "#0"},
				"down": {"uv": [13, 11, 14, 8], "texture": "#0"}
			},
			"type": "cube"
		}
	]
}