{
	"credit": "Made with Blockbench, a free, modern block model editor by JannisX11",
	"textures": {
		"0": "Pictures/sdd",
		"particle": "Pictures/sdd"
	},
	"elements": [
		{
			"name": "sdd_0",
			"from": [3, 0, 1],
			"to": [13, 2, 15],
			"faces": {
				"north": {"uv": [13, 1, 3, 2], "texture": "#0"},
				"east": {
					"uv": [12, 1, 13, 15],
					"texture": "#0",
					"rotation": 90
				},
				"south": {"uv": [3, 14, 13, 15], "texture": "#0"},
				"west": {
					"uv": [3, 1, 4, 15],
					"texture": "#0",
					"rotation": 270
				},
				"up": {"uv": [3, 1, 13, 15], "texture": "#0"},
				"down": {"uv": [3, 15, 13, 1], "texture": "#0"}
			},
			"type": "cube"
		}
	]
}