{
	"credit": "Made with Blockbench, a free, modern block model editor by JannisX11",
	"textures": {
		"0": "Pictures/wificard",
		"particle": "Pictures/wificard"
	},
	"elements": [
		{
			"name": "wificard_9",
			"from": [2, 0, 8],
			"to": [3, 8, 9],
			"faces": {
				"north": {
					"uv": [2, 11, 3, 3],
					"texture": "#0",
					"rotation": 180
				},
				"east": {"uv": [2, 3, 3, 11], "texture": "#0"},
				"south": {"uv": [2, 3, 3, 11], "texture": "#0"},
				"west": {"uv": [2, 3, 3, 11], "texture": "#0"},
				"up": {
					"uv": [3, 3, 2, 4],
					"texture": "#0",
					"rotation": 180
				},
				"down": {"uv": [2, 10, 3, 11], "texture": "#0"}
			},
			"rotation": {
				"origin": [8, 3, 16],
				"axis": "x",
				"angle": 0
			},
			"type": "cube"
		},
		{
			"name": "wificard_0",
			"from": [2, 0, 10],
			"to": [3, 8, 11],
			"faces": {
				"north": {
					"uv": [2, 11, 3, 3],
					"texture": "#0",
					"rotation": 180
				},
				"east": {"uv": [2, 3, 3, 11], "texture": "#0"},
				"south": {"uv": [2, 3, 3, 11], "texture": "#0"},
				"west": {"uv": [2, 3, 3, 11], "texture": "#0"},
				"up": {
					"uv": [3, 3, 2, 4],
					"texture": "#0",
					"rotation": 180
				},
				"down": {"uv": [2, 10, 3, 11], "texture": "#0"}
			},
			"rotation": {
				"origin": [8, 3, 18],
				"axis": "x",
				"angle": 0
			},
			"type": "cube"
		},
		{
			"name": "wificard_1",
			"from": [4, 0, 6],
			"to": [5, 1, 12],
			"faces": {
				"north": {"uv": [5, 6, 4, 7], "texture": "#0"},
				"east": {
					"uv": [4, 6, 5, 12],
					"texture": "#0",
					"rotation": 90
				},
				"south": {"uv": [4, 11, 5, 12], "texture": "#0"},
				"west": {
					"uv": [4, 6, 5, 12],
					"texture": "#0",
					"rotation": 270
				},
				"up": {"uv": [4, 6, 5, 12], "texture": "#0"},
				"down": {"uv": [4, 12, 5, 6], "texture": "#0"}
			},
			"rotation": {
				"origin": [8, 8, 8],
				"axis": "x",
				"angle": 0
			},
			"type": "cube"
		},
		{
			"name": "wificard_2",
			"from": [5, 0, 7],
			"to": [14, 1, 10],
			"faces": {
				"north": {"uv": [14, 7, 5, 8], "texture": "#0"},
				"east": {
					"uv": [13, 7, 14, 10],
					"texture": "#0",
					"rotation": 90
				},
				"south": {"uv": [5, 9, 14, 10], "texture": "#0"},
				"west": {
					"uv": [5, 7, 6, 10],
					"texture": "#0",
					"rotation": 270
				},
				"up": {"uv": [5, 7, 14, 10], "texture": "#0"},
				"down": {"uv": [5, 10, 14, 7], "texture": "#0"}
			},
			"rotation": {
				"origin": [8, 8, 8],
				"axis": "x",
				"angle": 0
			},
			"type": "cube"
		},
		{
			"name": "wificard_3",
			"from": [3, 0, 8],
			"to": [4, 1, 9],
			"faces": {
				"north": {"uv": [4, 8, 3, 9], "texture": "#0"},
				"east": {
					"uv": [3, 8, 4, 9],
					"texture": "#0",
					"rotation": 90
				},
				"south": {"uv": [3, 8, 4, 9], "texture": "#0"},
				"west": {
					"uv": [3, 8, 4, 9],
					"texture": "#0",
					"rotation": 270
				},
				"up": {"uv": [3, 8, 4, 9], "texture": "#0"},
				"down": {"uv": [3, 9, 4, 8], "texture": "#0"}
			},
			"type": "cube"
		},
		{
			"name": "wificard_4",
			"from": [3, 0, 10],
			"to": [4, 1, 11],
			"faces": {
				"north": {"uv": [4, 10, 3, 11], "texture": "#0"},
				"east": {
					"uv": [3, 10, 4, 11],
					"texture": "#0",
					"rotation": 90
				},
				"south": {"uv": [3, 10, 4, 11], "texture": "#0"},
				"west": {
					"uv": [3, 10, 4, 11],
					"texture": "#0",
					"rotation": 270
				},
				"up": {"uv": [3, 10, 4, 11], "texture": "#0"},
				"down": {"uv": [3, 11, 4, 10], "texture": "#0"}
			},
			"type": "cube"
		},
		{
			"name": "wificard_5",
			"from": [5, 0, 10],
			"to": [6, 1, 11],
			"faces": {
				"north": {"uv": [6, 10, 5, 11], "texture": "#0"},
				"east": {
					"uv": [5, 10, 6, 11],
					"texture": "#0",
					"rotation": 90
				},
				"south": {"uv": [5, 10, 6, 11], "texture": "#0"},
				"west": {
					"uv": [5, 10, 6, 11],
					"texture": "#0",
					"rotation": 270
				},
				"up": {"uv": [5, 10, 6, 11], "texture": "#0"},
				"down": {"uv": [5, 11, 6, 10], "texture": "#0"}
			},
			"type": "cube"
		},
		{
			"name": "wificard_6",
			"from": [7, 0, 10],
			"to": [8, 1, 11],
			"faces": {
				"north": {"uv": [8, 10, 7, 11], "texture": "#0"},
				"east": {
					"uv": [7, 10, 8, 11],
					"texture": "#0",
					"rotation": 90
				},
				"south": {"uv": [7, 10, 8, 11], "texture": "#0"},
				"west": {
					"uv": [7, 10, 8, 11],
					"texture": "#0",
					"rotation": 270
				},
				"up": {"uv": [7, 10, 8, 11], "texture": "#0"},
				"down": {"uv": [7, 11, 8, 10], "texture": "#0"}
			},
			"type": "cube"
		},
		{
			"name": "wificard_7",
			"from": [9, 0, 10],
			"to": [12, 1, 11],
			"faces": {
				"north": {"uv": [12, 10, 9, 11], "texture": "#0"},
				"east": {
					"uv": [11, 10, 12, 11],
					"texture": "#0",
					"rotation": 90
				},
				"south": {"uv": [9, 10, 12, 11], "texture": "#0"},
				"west": {
					"uv": [9, 10, 10, 11],
					"texture": "#0",
					"rotation": 270
				},
				"up": {"uv": [9, 10, 12, 11], "texture": "#0"},
				"down": {"uv": [9, 11, 12, 10], "texture": "#0"}
			},
			"type": "cube"
		},
		{
			"name": "wificard_8",
			"from": [13, 0, 10],
			"to": [14, 1, 11],
			"faces": {
				"north": {"uv": [14, 10, 13, 11], "texture": "#0"},
				"east": {
					"uv": [13, 10, 14, 11],
					"texture": "#0",
					"rotation": 90
				},
				"south": {"uv": [13, 10, 14, 11], "texture": "#0"},
				"west": {
					"uv": [13, 10, 14, 11],
					"texture": "#0",
					"rotation": 270
				},
				"up": {"uv": [13, 10, 14, 11], "texture": "#0"},
				"down": {"uv": [13, 11, 14, 10], "texture": "#0"}
			},
			"type": "cube"
		}
	]
}